id,case_id,window,h_value,h_se,two_h_value,two_h_se,four_h_value,four_h_se,richardson_value,richardson_se,richardson_prime_value,richardson_prime_se,fine_gap_value,fine_gap_se,coarse_gap_value,coarse_gap_se,residual_value,residual_se,b_r
core-P:u_xx,core-P,0,0.4999818450889168,0.0001684203920267295,0.4999818450889166,0.00016842039202672943,0.4999818450889167,0.00016842039202672943,0.499981845088917,0.0001684203920267295,0.49998184508891647,0.00016842039202672943,2.220446049250313e-16,0.0,-1.1102230246251565e-16,0.0,6.661338147750939e-16,0.0,6.661338147750939e-16
core-P:u_xx,core-P,1,0.500030672944791,0.00020622022292909474,0.5000306729447908,0.00020622022292909463,0.5000306729447909,0.0002062202229290947,0.5000306729447912,0.00020622022292909482,0.5000306729447906,0.00020622022292909474,2.220446049250313e-16,0.0,-1.1102230246251565e-16,5.580404750416131e-12,4.440892098500626e-16,9.982531491114574e-12,2.571374122713432e-11
core-P:u_xx,core-P,2,0.5001249566441968,0.00023385653957877338,0.5001249566441969,0.0002338565395787732,0.5001249566441969,0.00023385653957877327,0.5001249566441966,0.0002338565395787735,0.5001249566441969,0.00023385653957877316,-1.1102230246251565e-16,0.0,0.0,2.4956328727786436e-12,-3.3306690738754696e-16,2.4956328727786436e-12,6.428657351388505e-12
core-P:speed,core-P,0,3.3034097820066077,0.00170211812419407,3.306903741599673,0.0017034384847389758,3.3138957875221724,0.0017060862482308988,3.2999158224135425,0.0017008046676360662,3.2999116956771735,0.0017008187553769131,-0.003493959593065199,3.6722828437137185e-06,-0.006992045922499468,7.395352081553533e-06,4.126736369514106e-06,8.592486720011166e-06,2.6259515452853466e-05
core-P:speed,core-P,1,3.3016130856718067,0.002079765929080794,3.305105646048382,0.0020813867886223868,3.3121039635213227,0.0020846307027652202,3.2981205252952313,0.002078153533346037,3.2981073285754414,0.0020781770807791473,-0.0034925603765754154,4.496247314932783e-06,-0.006998317472940663,9.033777823599183e-06,1.3196719789831945e-05,1.0494353694425874e-05,4.02283835572276e-05
core-P:speed,core-P,2,3.300093491616235,0.002360952468078031,3.3035828795679096,0.0023628134210923447,3.31058432939275,0.002366520183388651,3.296604103664561,0.002359101117042533,3.2965814297430693,0.0023591455236187833,-0.0034893879516744164,5.1102973466151944e-06,-0.0070014498248403,1.0267770161511138e-05,2.267392149057912e-05,1.1912467831181828e-05,5.3358405207138364e-05
core-P:spatial,core-P,0,3.3778611901514335,0.00578249779883097,3.3794516444459415,0.005783881640599206,3.382664640105197,0.005786818106986729,3.3762707358569255,0.005781120442380051,3.376238648786686,0.005780971347735493,-0.0015904542945079925,6.277531165012401e-06,-0.00321299565925548,1.2646378278415952e-05,3.2087070239494864e-05,1.4867493791228259e-05,7.038319641654493e-05
core-P:spatial,core-P,1,3.3795642116597664,0.007052457188920948,3.3811534986376732,0.007054183769232598,3.384373764391607,0.007057858235560152,3.3779749246818596,0.007050738517127363,3.3779332328837395,0.007050541371964511,-0.0015892869779068342,7.664329145737556e-06,-0.0032202657539337487,1.5479193102414764e-05,4.16917981196363e-05,1.816561384293982e-05,8.848331857234594e-05
core-P:spatial,core-P,2,3.3809118216349923,0.008023897886167012,3.3824999573251735,0.008025854377638739,3.385719514239705,0.00802992061785662,3.379323685944811,0.008021950334503205,3.379280400410642,0.008021824276784224,-0.001588135690181236,8.691519661216919e-06,-0.003219556914531463,1.750535000777481e-05,4.3285534168546747e-05,2.057995153324763e-05,9.629597639249574e-05
core-V:u_xx,core-V,0,0.4999882316486406,7.14088930665306e-05,0.49998823164864054,7.140889306653062e-05,0.49998823164864054,7.140889306653059e-05,0.49998823164864065,7.140889306653059e-05,0.49998823164864054,7.140889306653066e-05,5.551115123125783e-17,0.0,0.0,0.0,2.220446049250313e-16,2.599661824244309e-12,6.696507150683683e-12
core-V:u_xx,core-V,1,0.49996406795355863,8.743306282342466e-05,0.4999640679535588,8.743306282342467e-05,0.49996406795355885,8.743306282342466e-05,0.49996406795355847,8.743306282342471e-05,0.49996406795355874,8.743306282342469e-05,-1.6653345369377348e-16,2.3731557050393974e-12,-5.551115123125783e-17,1.0613074955319066e-12,-2.220446049250313e-16,5.615911395492438e-12,1.4465851182973924e-11
core-V:u_xx,core-V,2,0.4999544329925343,9.947654046355508e-05,0.4999544329925342,9.947654046355512e-05,0.4999544329925342,9.94765404635551e-05,0.49995443299253434,9.947654046355505e-05,0.4999544329925342,9.947654046355517e-05,5.551115123125783e-17,0.0,0.0,1.838238504714941e-12,1.6653345369377348e-16,3.0018309080588904e-12,7.732370550583798e-12
core-V:speed,core-V,0,2.1856529484289915,0.0005324854575973763,2.1888979201413177,0.0005331334251337222,2.1954061733124988,0.0005344382779080419,2.1824079767166653,0.0005318395011137167,2.1823896669701366,0.0005318366107488364,-0.0032449717123261834,1.220416799015003e-06,-0.006508253171181089,2.4449372685770287e-06,1.830974652872186e-05,2.574463976899506e-06,2.4941126281224752e-05
core-V:speed,core-V,1,2.1858522015567683,0.0006514840997675093,2.1890982627581748,0.0006522782374822597,2.1956073949535515,0.0006538783585107516,2.182606140355362,0.000650692421597476,2.182589130562798,0.000650687954643127,-0.0032460612014064694,1.4936729204982436e-06,-0.006509132195376743,2.9936483130460073e-06,1.7009792563804638e-05,3.148995467456117e-06,2.5121067365466784e-05
core-V:speed,core-V,2,2.1858538771366898,0.0007405996319806085,2.1890994046017918,0.0007415035448584885,2.195605307743527,0.0007433233766034333,2.182608349671588,0.0007396985183929332,2.1825935014600564,0.0007396949267636169,-0.0032455274651019828,1.699319095932777e-06,-0.006505903141735381,3.4068173969887493e-06,1.4848211531415245e-05,3.5823419559741165e-06,2.407571291677088e-05
core-V:spatial,core-V,0,0.6369882011155833,0.00135300120829675,0.6368073937672545,0.0013526278531329579,0.63644026239411,0.0013518651866616872,0.6371690084639121,0.0013533788680422701,0.637174525140399,0.0013534076646378658,0.0001808073483288153,2.442358442341401e-06,0.0003671313731444803,4.877061933847122e-06,-5.516676486849725e-06,5.651207451709148e-06,2.007322224111971e-05
core-V:spatial,core-V,1,0.6367886609979401,0.0017472883238930426,0.6366075589370073,0.0017468069519715316,0.6362412900069949,0.0017458281573210313,0.6369697630588729,0.0017477753152832357,0.6369738278670196,0.0017478080939838697,0.0001811020609328029,3.1706894808358326e-06,0.00036626893001234784,6.32587457706185e-06,-4.064808146742038e-06,7.327835674310869e-06,2.2940062007864657e-05
core-V:spatial,core-V,2,0.6375371686864949,0.00202960292232491,0.6373559471984167,0.0020290509420525333,0.6369894648913779,0.002027929467475497,0.6377183901745731,0.002030161487883788,0.6377224295054555,0.0020301986813805297,0.00018122148807819816,3.697817677881851e-06,0.0003664823070388401,7.3878293885228625e-06,-4.039330882443792e-06,8.537781319855582e-06,2.6031198193002705e-05
core-V:v_x,core-V,0,-0.0001753412716592536,0.00024977579090477075,-0.0001758154655768556,0.0002499215925387562,-0.00017678331129120082,0.00025021339459203456,-0.00017486707774165162,0.00024963044028305603,-0.00017484761986251036,0.00024963159888833573,4.7419391760198325e-07,3.658475180801855e-07,9.678457143452268e-07,7.325170987723358e-07,-1.9457879141260292e-08,8.692904416652854e-07,2.25860167203516e-06
core-V:v_x,core-V,1,-0.0002807769086519246,0.00030491443185905225,-0.0002813380389379071,0.0003050941695775663,-0.0002820618149350378,0.00030545299869323765,-0.00028021577836594207,0.0003047352473632005,-0.0002806142629407764,0.00030473755553818486,5.611302859825202e-07,4.482097045877627e-07,7.237759971307021e-07,8.965337778925284e-07,3.984845748344467e-07,1.0628775919669859e-06,3.136275822256525e-06
core-V:v_x,core-V,2,-0.0001640400148156105,0.00034586751711309396,-0.00016441044299681022,0.00034607188829917227,-0.00016477801810867347,0.0003464802768579875,-0.00016366958663441077,0.000345663775949765,-0.00016404286788494697,0.0003456660247419891,3.704281811997231e-07,5.094540467026655e-07,3.6757511186324824e-07,1.0196005609122656e-06,3.7328125053614374e-07,1.2065624625330086e-06,3.481180198031788e-06
core-Theta:u_xx,core-Theta,0,0.5999592914186591,5.858109138698586e-05,0.5999592914186591,5.858109138698586e-05,0.5999592914186591,5.858109138698586e-05,0.5999592914186591,5.858109138698586e-05,0.5999592914186591,5.858109138698586e-05,0.0,0.0,0.0,0.0,0.0,1.7777993977696347e-12,4.579307784519677e-12
core-Theta:u_xx,core-Theta,1,0.5998660362168928,7.172682035813132e-05,0.5998660362168927,7.172682035813132e-05,0.5998660362168928,7.172682035813132e-05,0.5998660362168929,7.172682035813132e-05,0.5998660362168926,7.172682035813134e-05,1.1102230246251565e-16,0.0,-1.1102230246251565e-16,8.888996988848174e-13,2.220446049250313e-16,1.2570940097522691e-12,3.2382816321791344e-12
core-Theta:u_xx,core-Theta,2,0.5998105244410534,8.153513930550893e-05,0.5998105244410534,8.153513930550891e-05,0.5998105244410534,8.153513930550891e-05,0.5998105244410534,8.153513930550891e-05,0.5998105244410534,8.153513930550894e-05,0.0,0.0,0.0,1.2570940097522691e-12,0.0,0.0,0.0
core-Theta:speed,core-Theta,0,3.278871865533083,0.0006114507522797651,3.282672374424918,0.0006119826568430377,3.2902891788148554,0.0006130436750406321,3.275071356641248,0.0006109214093581926,3.2750555700349806,0.0006109318958020573,-0.0038005088918349195,1.359367846138544e-06,-0.007616804389937393,2.718847393051983e-06,1.5786606267553793e-05,3.079982981105139e-06,2.3720116684565696e-05
core-Theta:speed,core-Theta,1,3.279210010261388,0.0007471340307194378,3.2830094702920847,0.0007477882466083802,3.2906270901539347,0.0007490946447346385,3.2754105502306916,0.0007464829476241427,3.2753918504302346,0.000746494398048415,-0.003799460030696533,1.663301102709844e-06,-0.007617619861850056,3.3278789422275617e-06,1.869980045654529e-05,3.763690959242408e-06,2.839442591867991e-05
core-Theta:speed,core-Theta,2,3.278792792773388,0.0008476157677339417,3.2825933925474002,0.0008483622822871387,3.29021136345973,0.000849851449466176,3.2749921929993757,0.00084687281611332,3.2749754216350704,0.0008468873835078927,-0.003800599774012259,1.8906687638855848e-06,-0.007617970912329852,3.7816986738206927e-06,1.6771364306222836e-05,4.278007130038289e-06,2.7790780432357394e-05
core-Theta:spatial,core-Theta,0,1.2728782796851341,0.0022362886698867237,1.2726998133617715,0.002235993418251312,1.2723492944204018,0.002235398114968302,1.2730567460084967,0.002236587258518336,1.2730503323031412,0.0022366020282851323,0.0001784663233626027,2.747844818692412e-06,0.0003505189413697263,5.487823185723525e-06,6.413705355923227e-06,6.607614926625981e-06,2.343379351017043e-05
core-Theta:spatial,core-Theta,1,1.271889604736337,0.002886838919131528,1.2717056096258141,0.00288647673816461,1.2713590708649465,0.0028857456387192527,1.27207359984686,0.002887205435359629,1.2720521483866818,0.0028872251435238887,0.0001839951105229165,3.5563963955424565e-06,0.000346538760867654,7.106365205972901e-06,2.1451460178179005e-05,8.561372233328772e-06,4.35040936549585e-05
core-Theta:spatial,core-Theta,2,1.2701884021311256,0.003350735625354111,1.2700022413331287,0.0033503394937040936,1.2696550505533681,0.00334955765637923,1.2703745629291225,0.003351136838518705,1.2703494321128892,0.0033511416120609473,0.00018616079799693708,4.145570895134789e-06,0.00034719077976053114,8.28104306115058e-06,2.5130816233120967e-05,9.983795378015326e-06,5.08473689279607e-05
core-Theta:v_x,core-Theta,0,0.6005008747513092,0.0002733339571441193,0.6010861684602445,0.0002733618637987345,0.6022565862120622,0.00027341807385335083,0.5999155810423739,0.0002733066057737934,0.5999157507084268,0.00027330787214538844,-0.0005852937089353416,3.9056560467990644e-07,-0.0011704177518176984,7.806815230037481e-07,-1.696660532068961e-07,9.992566511867063e-07,2.743580617050892e-06
core-Theta:v_x,core-Theta,1,0.6007740291763872,0.0003328508579923803,0.6013595882240897,0.00033288757155078904,0.602530293214029,0.0003329620174563707,0.6001884701286847,0.0003328148246158583,0.6001888832341505,0.00033281584566646766,-0.0005855590477025219,4.772025454536359e-07,-0.0011707049899392086,9.543608696812326e-07,-4.1310546583517294e-07,1.2180328361134812e-06,3.5505501377214906e-06
core-Theta:v_x,core-Theta,2,0.6007180149216709,0.0003768602576821854,0.601303329049734,0.0003769053211837408,0.6024734418625556,0.00037699478679574055,0.6001327007936077,0.00037681596826065825,0.6001332162369125,0.00037681894659005234,-0.0005853141280631746,5.419558422273456e-07,-0.0011701128128215332,1.0829374785586653e-06,-5.154433048160101e-07,1.380237936175587e-06,4.07070062661945e-06
core-PV:u_xx,core-PV,0,0.5000972979189213,0.0001413924963232322,0.5000972979189212,0.0001413924963232322,0.5000972979189214,0.0001413924963232322,0.5000972979189214,0.00014139249632323214,0.500097297918921,0.0001413924963232322,1.1102230246251565e-16,0.0,-2.220446049250313e-16,0.0,4.440892098500626e-16,0.0,4.440892098500626e-16
core-PV:u_xx,core-PV,1,0.5000575721424727,0.00017324006035505864,0.5000575721424726,0.00017324006035505859,0.5000575721424728,0.00017324006035505864,0.5000575721424728,0.00017324006035505859,0.5000575721424724,0.00017324006035505853,1.1102230246251565e-16,0.0,-2.220446049250313e-16,0.0,4.440892098500626e-16,0.0,4.440892098500626e-16
core-PV:u_xx,core-PV,2,0.500103719078119,0.00019710847156363207,0.5001037190781191,0.00019710847156363196,0.5001037190781191,0.000197108471563632,0.5001037190781189,0.000197108471563632,0.5001037190781191,0.00019710847156363182,-1.1102230246251565e-16,0.0,0.0,0.0,-3.3306690738754696e-16,0.0,3.3306690738754696e-16
core-PV:speed,core-PV,0,2.185100428081213,0.0010522843550726392,2.1883456181279843,0.001053565938433123,2.1948512240481346,0.0010561451504564514,2.1818552380344416,0.0010510067231897916,2.181840012207834,0.0010510026802286556,-0.0032451900467713735,2.4073798340532156e-06,-0.006505605920150259,4.839391881384288e-06,1.522582660751226e-05,5.1089500361357185e-06,2.838560982070803e-05
core-PV:speed,core-PV,1,2.1844516508835956,0.0012889216801598553,2.1876962014964647,0.0012904890653224507,2.194198849495059,0.001293658573262283,2.1812071002707265,0.0012873591378078264,2.1811935534978706,0.0012873389865767431,-0.0032445506128691015,2.9480707178499143e-06,-0.006502647998594124,5.920941724793606e-06,1.354677285547723e-05,6.233330796735846e-06,2.960276898011842e-05
core-PV:speed,core-PV,2,2.1844380610142515,0.001468790442968481,2.187680491367791,0.0014705823377908975,2.194179768184557,0.0014741918497709627,2.181195630660712,0.001467004051967259,2.1811812145510254,0.0014669948545707634,-0.0032424303535396604,3.359315391891528e-06,-0.006499276816765764,6.7338259238432e-06,1.441610968644369e-05,7.090384749256034e-06,3.267973049666688e-05
core-PV:spatial,core-PV,0,2.2503394158945924,0.004043983204440709,2.250109290483879,0.004044291252649684,2.2496680257773853,0.004045002778633922,2.250569541305306,0.004043678260399155,2.2505505551903724,0.004043592333803163,0.0002301254107135442,3.556282214278376e-06,0.0004412647064935271,7.175257150687866e-06,1.8986114931784925e-05,8.818845320664005e-06,4.170195513178512e-05
core-PV:spatial,core-PV,1,2.249353154510182,0.004926124465809316,2.249124663723227,0.004926510975780847,2.2486816917282426,0.004927372235779944,2.249581645297137,0.0049257417368236125,2.2495676357182117,0.004925665032535487,0.00022849078695497127,4.332844620682209e-06,0.0004429719949845534,8.728507878490296e-06,1.4009578924945032e-05,1.0710600990567117e-05,4.159825881454394e-05
core-PV:spatial,core-PV,2,2.250624381865688,0.005561731070407942,2.2503942552961105,0.005562100839856581,2.249944475344628,0.005563080807442299,2.250854508435266,0.00556136562031201,2.250844035247593,0.005561138300846734,0.00023012656957765998,4.915101197781256e-06,0.00044977995148265393,9.893578998113287e-06,1.0473187672666029e-05,1.2144741838280135e-05,4.175596958315046e-05
core-PV:raw_msd,core-PV,0,2.2503386888143604,0.004043936360371051,2.2501085599447013,0.004044244427788451,2.2496673063113457,0.004044955915017351,2.2505688176840195,0.004043631397155294,2.250549813578057,0.004043545547790185,0.0002301288696591186,3.5562828826152658e-06,0.000441253633355565,7.17523838670654e-06,1.9004105962672213e-05,8.81883061195839e-06,4.171990827555747e-05
core-PV:raw_msd,core-PV,1,2.249352847589524,0.004926052995753556,2.2491243525492406,0.004926439502223217,2.248681395294725,0.004927300773542192,2.2495813426298072,0.00492567027038345,2.2495673098037563,0.004925593547950762,0.00022849504028332746,4.332877769711267e-06,0.0004429572545157079,8.728528884549205e-06,1.4032826050502933e-05,1.0710623725013343e-05,4.162156450015463e-05
core-PV:raw_msd,core-PV,2,2.2506257797268945,0.005561659897719072,2.250395650179975,0.0055620296416889195,2.2499458874656773,0.005563009645875402,2.250855909273814,0.005561294473247485,2.2508454128942725,0.005561067066361271,0.00023012954691958853,4.9151503616918444e-06,0.00044976271429764125,9.893599405264938e-06,1.0496379541535816e-05,1.2144779201452064e-05,4.1779257693173374e-05
core-PV:r_dot_v,core-PV,0,1.123330670148361,0.0011160675698075522,1.1221791893774637,0.0011159859661960011,1.1198715129058925,0.001115853603251589,1.1244821509192582,0.0011161511909568809,1.124486865849035,0.0011161264201565916,0.0011514807708972175,1.5028420766894986e-06,0.0023076764715712628,3.0080033476581685e-06,-4.714929776383769e-06,3.4597253458166025e-06,1.3626591704199844e-05
core-PV:r_dot_v,core-PV,1,1.1227267281073374,0.0013652978072782249,1.1215742544297784,0.0013652049555218178,1.1192652392089286,0.0013650502882967233,1.1238792017848964,0.0013653931288935591,1.1238832696506282,0.0013653694945076292,0.001152473677558996,1.8387351106659754e-06,0.0023090152208498083,3.6745712899042562e-06,-4.067865731816056e-06,4.226261325868014e-06,1.4953993499235648e-05
core-PV:r_dot_v,core-PV,2,1.1231170232245138,0.0015526836543193515,1.1219650759923891,0.0015525797010768221,1.1196548922836789,0.0015524010073032413,1.1242689704566384,0.0015527904058474274,1.1242752597010994,0.0015527695977903108,0.0011519472321246393,2.0870920704525288e-06,0.0023101837087102783,4.17462012717144e-06,-6.2892444609996545e-06,4.793202394829145e-06,1.863571564720694e-05
core-PTheta:u_xx,core-PTheta,0,0.6000594031980769,0.0001596109752678141,0.6000594031980769,0.0001596109752678141,0.6000594031980769,0.00015961097526781407,0.6000594031980769,0.00015961097526781415,0.6000594031980769,0.00015961097526781407,0.0,3.429919312409996e-12,0.0,0.0,0.0,5.4231786089071094e-12,1.3969182378937298e-11
core-PTheta:u_xx,core-PTheta,1,0.6000898041616021,0.0001954646098295624,0.600089804161602,0.00019546460982956243,0.600089804161602,0.00019546460982956237,0.6000898041616022,0.00019546460982956243,0.600089804161602,0.0001954646098295625,1.1102230246251565e-16,2.4253192047278085e-12,0.0,3.429919312409996e-12,0.0,5.940794514955822e-12,1.5302472597695275e-11
core-PTheta:u_xx,core-PTheta,2,0.5999782710250279,0.00022187597028797783,0.599978271025028,0.00022187597028797783,0.599978271025028,0.00022187597028797783,0.5999782710250278,0.00022187597028797783,0.599978271025028,0.00022187597028797772,-1.1102230246251565e-16,0.0,0.0,0.0,-3.3306690738754696e-16,0.0,3.3306690738754696e-16
core-PTheta:speed,core-PTheta,0,3.284210379855919,0.0016668057708099317,3.288018434036337,0.0016682503913386666,3.2956313525365006,0.0016711279966846408,3.280402325675501,0.0016653681858656687,3.2804055155361738,0.0016654008600298024,-0.0038080541804181856,3.715338782889522e-06,-0.007612918500163435,7.4185405571998335e-06,-3.1898606742686297e-06,8.421461631095859e-06,2.4882108321946248e-05
core-PTheta:speed,core-PTheta,1,3.28511510310106,0.0020422224577528623,3.288924958563771,0.0020440095670572235,3.296541214014851,0.0020475347159833266,3.2813052476383486,0.002040443928470502,3.2813087031126913,0.0020405187933203975,-0.003809855462711287,4.549810617496379e-06,-0.007616255451079912,9.086765313820134e-06,-3.4554743422177125e-06,1.0266612130922614e-05,2.990051471671676e-05
core-PTheta:speed,core-PTheta,2,3.2839453218210597,0.0023163151774836434,3.2877545281824743,0.0023183554437896446,3.2953757212440027,0.0023224003881171015,3.280136115459645,0.0023142847036646194,3.280133335120946,0.0023143496202392973,-0.0038092063614145744,5.1793089765372654e-06,-0.00762119306152842,1.0339243929882485e-05,2.780338700159035e-06,1.166841165054875e-05,3.283617535494331e-05
core-PTheta:spatial,core-PTheta,0,2.9935897729838645,0.005196238431712031,2.994925127384241,0.00519725803245524,2.9975799641791245,0.0051992348746653615,2.992254418583488,0.005195225215923407,2.992270290589358,0.005195307089662829,-0.001335354400376687,5.849003535157283e-06,-0.0026548367948833196,1.1767030134719882e-05,-1.587200587094273e-05,1.3737303571372566e-05,5.125695496115939e-05
core-PTheta:spatial,core-PTheta,1,2.9938029815457843,0.006312456380665911,2.9951340536414652,0.006313695582102035,2.997798709726697,0.006316221516292174,2.9924719094501033,0.006311224902248817,2.9924693975562335,0.006311201003444601,-0.0013310720956809519,7.090648799806729e-06,-0.002664656085231698,1.429233785709583e-05,2.5118938693502457e-06,1.666249305233915e-05,4.543163174293059e-05
core-PTheta:spatial,core-PTheta,2,2.993250111453705,0.007113521035069201,2.994574033717903,0.00711487394180672,2.997234159497441,0.007117615520935334,2.991926189189507,0.007112176949834363,2.991913907938365,0.007112167836145545,-0.0013239222641980852,8.035571276469296e-06,-0.002660125779538003,1.6118588061267074e-05,1.2281251141832428e-05,1.888016456393549e-05,6.091333228051976e-05
core-VTheta:u_xx,core-VTheta,0,0.6001078930384953,7.516413652673431e-05,0.6001078930384953,7.516413652673431e-05,0.6001078930384952,7.516413652673431e-05,0.6001078930384953,7.516413652673431e-05,0.6001078930384954,7.516413652673428e-05,0.0,0.0,1.1102230246251565e-16,0.0,-2.220446049250313e-16,0.0,2.220446049250313e-16
core-VTheta:u_xx,core-VTheta,1,0.6000082330659594,9.20099613381824e-05,0.6000082330659594,9.20099613381824e-05,0.6000082330659593,9.20099613381824e-05,0.6000082330659594,9.20099613381824e-05,0.6000082330659595,9.20099613381824e-05,0.0,0.0,1.1102230246251565e-16,0.0,-2.220446049250313e-16,0.0,2.220446049250313e-16
core-VTheta:u_xx,core-VTheta,2,0.6000272570333497,0.00010472746007817158,0.6000272570333497,0.00010472746007817158,0.6000272570333496,0.00010472746007817158,0.6000272570333497,0.00010472746007817158,0.6000272570333498,0.00010472746007817155,0.0,0.0,1.1102230246251565e-16,0.0,-2.220446049250313e-16,0.0,2.220446049250313e-16
core-VTheta:speed,core-VTheta,0,2.1842695737268403,0.0005726087169586129,2.187514876210997,0.0005733078421570692,2.194020171498082,0.0005747121260910953,2.1810242712426837,0.0005719117542185608,2.1810095809239116,0.0005719122653807159,-0.0032453024841565536,1.3135863445115192e-06,-0.006505295287085211,2.6366087555380874e-06,1.4690318772991873e-05,2.7771251225574713e-06,2.1843719043161435e-05
core-VTheta:speed,core-VTheta,1,2.1842471031753643,0.0007007507349856812,2.1874932674197494,0.0007016064420600153,2.193995152346489,0.0007033298599188971,2.1810009389309792,0.000699897672151935,2.18099138249301,0.0006998936874279516,-0.0032461642443850636,1.6071493188775573e-06,-0.006501884926739532,3.2300522289339844e-06,9.556437968960552e-06,3.395742798626994e-06,1.8303291776813062e-05
core-VTheta:speed,core-VTheta,2,2.1841079858352157,0.0007968084066285725,2.187353472418993,0.0007977833339367511,2.193856720435778,0.0007997457979274733,2.1808624992514383,0.0007958364903472831,2.1808502244022083,0.0007958329961741583,-0.003245486583777435,1.829416244311545e-06,-0.006503248016784813,3.6744583079085133e-06,1.2274849229498841e-05,3.861883892106616e-06,2.2222402925501695e-05
core-VTheta:spatial,core-VTheta,0,0.510647037994234,0.0011758522276938226,0.5104951979877347,0.0011755084024938575,0.5101978270191544,0.0011748176096007654,0.5107988780007334,0.001176200916518517,0.510792568956315,0.0011762185549231245,0.0001518400064993708,2.416361687428451e-06,0.00029737096858029055,4.8216234911034036e-06,6.309044418340015e-06,5.459631836978602e-06,2.0372124090351033e-05
core-VTheta:spatial,core-VTheta,1,0.510085811343739,0.0015162200050254176,0.5099360296777354,0.001515780610570047,0.5096376270702839,0.0015148951787760103,0.5102355930097425,0.0015166657139756093,0.510234432285187,0.0015166911956454698,0.0001497816660035456,3.1257039763896136e-06,0.00029840260745150893,6.239666140265083e-06,1.160724555693271e-06,7.061642945793279e-06,1.935031138632166e-05
core-VTheta:spatial,core-VTheta,2,0.5097177636369001,0.0017606659566322682,0.5095690415164988,0.001760156965546176,0.509267297523078,0.0017591339276991085,0.5098664857573014,0.0017611823483643478,0.5098707855099197,0.0017612094873247417,0.00014872212040129007,3.645947285874071e-06,0.00030174399342086655,7.278293183174382e-06,-4.2997526180643675e-06,8.227260514199727e-06,2.54917713380685e-05
core-VTheta:v_x,core-VTheta,0,0.3336223715707471,0.00024364804804657468,0.3341293453597463,0.00024378239878375163,0.33514381471085564,0.0002440498819298101,0.33311539778174787,0.0002435142035072804,0.333114876008637,0.0002435169527166083,-0.000506973788999221,3.7592069199183854e-07,-0.0010144693511093261,7.533979084451165e-07,5.21773110939705e-07,9.056059459271298e-07,2.8544594438826425e-06
core-VTheta:v_x,core-VTheta,1,0.33394614338154716,0.0002979524506798357,0.3344535015001949,0.00029811711556248225,0.3354683164694442,0.00029844683400763233,0.3334387852628994,0.000297788405854255,0.33343868653094566,0.00029778988416003703,-0.0005073581186477716,4.601740285042052e-07,-0.001014814969249267,9.215895612306723e-07,9.873195372378518e-08,1.1053149354266057e-06,2.9458345539918465e-06
core-VTheta:v_x,core-VTheta,2,0.3339476875898193,0.00033838880088522984,0.3344551306002708,0.00033857701876258795,0.33547015035637917,0.00033895354981046573,0.3334402445793678,0.0003382012876081697,0.3334401108441625,0.00033820331894901187,-0.0005074430104515248,5.23184909124582e-07,-0.0010150197561083485,1.0484772098854141e-06,1.3373520524329052e-07,1.2562876622226785e-06,3.3697177792219755e-06
core-PVTheta:u_xx,core-PVTheta,0,0.6001887858653702,0.00012759237143200944,0.6001887858653701,0.00012759237143200944,0.6001887858653702,0.00012759237143200944,0.6001887858653703,0.00012759237143200944,0.60018878586537,0.00012759237143200938,1.1102230246251565e-16,1.944581468068823e-12,-1.1102230246251565e-16,0.0,2.220446049250313e-16,3.637978807091713e-12,9.371034461423733e-12
core-PVTheta:u_xx,core-PVTheta,1,0.6002183330265566,0.00015640512359291675,0.6002183330265566,0.00015640512359291675,0.6002183330265566,0.00015640512359291672,0.6002183330265566,0.00015640512359291675,0.6002183330265566,0.00015640512359291678,0.0,1.944581468068823e-12,0.0,0.0,0.0,6.149306534851469e-12,1.5839563968674458e-11
core-PVTheta:u_xx,core-PVTheta,2,0.6000540207126627,0.00017793041121776578,0.6000540207126628,0.00017793041121776578,0.6000540207126627,0.00017793041121776578,0.6000540207126626,0.00017793041121776576,0.6000540207126629,0.00017793041121776578,-1.1102230246251565e-16,0.0,1.1102230246251565e-16,0.0,-3.3306690738754696e-16,0.0,3.3306690738754696e-16
core-PVTheta:speed,core-PVTheta,0,2.1836223409980615,0.0009745668504264337,2.186862448671501,0.0009757577130568536,2.193362870940722,0.0009781517751896525,2.180382233324622,0.0009733796724778656,2.18036202640228,0.0009733784309466854,-0.0032401076734394074,2.237127942310268e-06,-0.0065004222692208735,4.48530706959521e-06,2.0206922342502764e-05,4.720911426999776e-06,3.236718433539679e-05
core-PVTheta:speed,core-PVTheta,1,2.1835414248791585,0.0011946926541389854,2.1867833835705928,0.001196148622045905,2.1932830447292324,0.0011990801106306944,2.180299466187724,0.0011932412004391146,2.180283722411953,0.001193235247769785,-0.003241958691434288,2.7397755737599586e-06,-0.006499661158639647,5.496188938908921e-06,1.5743775771071e-05,5.781395996609841e-06,3.063566499427622e-05
core-PVTheta:speed,core-PVTheta,2,2.183813177484789,0.001357261111403069,2.1870537981391673,0.0013589196061456962,2.193548932808939,0.001362238239884929,2.1805725568304104,0.0013556077571261482,2.180558663469396,0.0013556215501455036,-0.0032406206543784677,3.1175385780630605e-06,-0.006495134669771474,6.237687445658699e-06,1.389336101498273e-05,6.570129930256583e-06,3.0816894217140044e-05
core-PVTheta:spatial,core-PVTheta,0,2.136110806458021,0.00358290557910678,2.135760172439377,0.00358295358003521,2.135070293939048,0.0035831098517850814,2.1364614404766655,0.0035828604610278424,2.1364500509397057,0.003582808798420556,0.00035063401864432464,3.2142102295353276e-06,0.0006898785003288666,6.41804583970327e-06,1.1389536959782731e-05,8.080965864685243e-06,3.220472563462219e-05
core-PVTheta:spatial,core-PVTheta,1,2.1376458472532116,0.004365301475224094,2.137296425686437,0.004365350647371152,2.1366029520886807,0.004365522799259498,2.1379952688199864,0.0043652558447576225,2.137989899284193,0.004365192490730198,0.00034942156677475467,3.932270782351078e-06,0.0006934735977561779,7.818023225463718e-06,5.369535793775526e-06,9.866952248909906e-06,3.0785120532752884e-05
core-PVTheta:spatial,core-PVTheta,2,2.138503183936667,0.004925087553401111,2.1381539484111065,0.0049251519626903025,2.13745874957873,0.004925306241181552,2.138852419462227,0.004925027156635639,2.138849147243483,0.004925013455059883,0.0003492355255603208,4.445888976071633e-06,0.0006951988323766756,8.81449824324534e-06,3.2722187444100825e-06,1.1163337387795483e-05,3.202707031275083e-05
core-PVTheta:raw_msd,core-PVTheta,0,2.247641561356323,0.003721675778170929,2.2474117284736517,0.003721963616160123,2.246962738499502,0.0037225927009202505,2.2478713942389943,0.003721390874083036,2.2478607184478014,0.0037213461912805955,0.0002298328826713103,3.316781562365902e-06,0.0004489899741497716,6.617109030506819e-06,1.0675791192404915e-05,8.205486399601872e-06,3.181172350997013e-05
core-PVTheta:raw_msd,core-PVTheta,1,2.2492241534091892,0.004535643969504505,2.248995734361581,0.004535987842778433,2.2485437980782104,0.0045367369551226645,2.2494525724567973,0.00453530370105314,2.249447670644952,0.0045352529284244155,0.00022841904760806386,4.057980709872757e-06,0.00045193628337081293,8.059314189577538e-06,4.901811845314796e-06,1.0016068424105602e-05,3.070149439798707e-05
core-PVTheta:raw_msd,core-PVTheta,2,2.250421322403469,0.00511794838836259,2.250193511835177,0.005118344342270504,2.249740772354069,0.0051191537444329645,2.2506491329717613,0.005117556521813541,2.2506462513162844,0.00511755095715974,0.00022781056829224156,4.590649317750484e-06,0.000452739481107578,9.089723968986527e-06,2.8816554764610203e-06,1.1338162747232663e-05,3.208682732863498e-05
core-PVTheta:r_dot_v,core-PVTheta,0,1.1231851247549385,0.0010334814847832432,1.1220335033529938,0.001033414820502872,1.1197236953876033,0.0010332762863776528,1.1243367461568832,0.0010335499969550703,1.1243433113183843,0.001033560829566384,0.0011516214019446913,1.3835933750667157e-06,0.002309807965390487,2.7829781150893397e-06,-6.5651615006601105e-06,3.188762272963976e-06,1.4778868805255986e-05
core-PVTheta:r_dot_v,core-PVTheta,1,1.1232936727253622,0.001265580222934683,1.1221414573070732,0.0012654972279385489,1.1198305386280873,0.0012653410512892128,1.1244458881436512,0.0012656654911099787,1.124452375986059,0.0012656625594112865,0.0011522154182890265,1.6982255461837482e-06,0.002310918678985807,3.407530844732523e-06,-6.48784240775413e-06,3.904300491629539e-06,1.6544654023762952e-05
core-PVTheta:r_dot_v,core-PVTheta,2,1.1238589882063243,0.0014391627208030068,1.1227063164400708,0.001439073080521333,1.120398122165593,0.00143890449805754,1.125011659972578,0.0014392549286927638,1.1250145107145486,0.001439252015026787,0.0011526717662535546,1.9244413923502375e-06,0.002308194274477815,3.863620489224854e-06,-2.850741970927828e-06,4.42852578591232e-06,1.425786846158615e-05
figure-rho0p15-P:spatial,figure-rho0p15-P,0,108.600837773236,0.19625556640421882,108.61187189322884,0.19626035775020437,108.63427624418743,0.19626808356820827,108.58980365324315,0.19625098098744792,108.58946754227024,0.19625347531554685,-0.011034119992842761,0.0002010889012038489,-0.022404350958595387,0.00040691061103559405,0.0003361109728672318,0.0005647058305988233,0.001790696799180988
figure-rho0p15-P:spatial,figure-rho0p15-P,1,108.58815613991801,0.23491863285858833,108.59924018425467,0.2349241094108856,108.62222977386499,0.23493466300314692,108.57707209558136,0.23491340377649675,108.57625059464435,0.23491455923925664,-0.011084044336655552,0.00024117220067145743,-0.022989589610318717,0.00048562227139766883,0.0008215009369934023,0.0006728845513756012,0.002554736682299127
figure-rho0p15-P:spatial,figure-rho0p15-P,2,108.59167375114951,0.2606383585698925,108.60271282181758,0.26064525870885347,108.62578141341379,0.2606574332789641,108.58063468048145,0.26063173550365043,108.57964423022136,0.2606341962863859,-0.011039070668061868,0.0002688150239982864,-0.023068591596214105,0.0005385269806060107,0.0009904502600477372,0.0007485443718939971,0.0029185727881422966
figure-rho0p15-V:spatial,figure-rho0p15-V,0,3.5478031659391167,0.006159846384921335,3.5477836998656334,0.006159793054460853,3.5477403122015123,0.006159703431740482,3.5478226320126,0.006159910331147534,3.5478270875297544,0.006159925090820299,1.946607348335405e-05,8.086714580170813e-06,4.338766412104178e-05,1.61639095613998e-05,-4.455517154777766e-06,2.22604636411485e-05,6.179467171114439e-05
figure-rho0p15-V:spatial,figure-rho0p15-V,1,3.54690261635467,0.007951472266775545,3.5468867875318,0.00795142677870162,3.5468583319922566,0.007951345487707592,3.5469184451775404,0.007951531508435741,3.5469152430713433,0.007951563021786876,1.5828822870211923e-05,1.0457726771108474e-05,2.8455539543337238e-05,2.0903590958044513e-05,3.2021061975306964e-06,2.878596164971052e-05,7.734982974428226e-05
figure-rho0p15-V:spatial,figure-rho0p15-V,2,3.548317263328436,0.009238331860867042,3.5483005063381956,0.009238288170639061,3.5482783458018092,0.00923819552371045,3.548334020318676,0.009238391589007761,3.548322666874582,0.009238444861167596,1.675699024028532e-05,1.2172357963033979e-05,2.2160536386373053e-05,2.4324263590794445e-05,1.1353444094197584e-05,3.349335291443224e-05,9.762660400365928e-05
figure-rho0p15-V:v_x,figure-rho0p15-V,0,-0.00023503957981952034,0.000282176830403946,-0.00023474776777790958,0.0002822090478052393,-0.00023579472530088836,0.00028227399178622523,-0.0002353313918611311,0.00028214493769765375,-0.0002337008102549308,0.0002821454070031154,-2.9181204161076693e-07,3.0438291521742845e-07,1.0469575229787832e-06,6.098383408376609e-07,-1.6305816062003441e-06,7.894863133248018e-07,3.664163586774551e-06
figure-rho0p15-V:v_x,figure-rho0p15-V,1,-0.00019736374644274687,0.00034376210547284585,-0.00019694858164917017,0.00034380187052707227,-0.00019776034510226472,0.0003438825458842847,-0.00019777891123632358,0.00034372273851612057,-0.0001961368181960756,0.00034372279202656063,-4.1516479357670867e-07,3.7204347003600544e-07,8.117634530945559e-07,7.452404188916784e-07,-1.6420930402479732e-06,9.642419220734154e-07,4.12581563878784e-06
figure-rho0p15-V:v_x,figure-rho0p15-V,2,-0.00040441478288337544,0.00038942994788821475,-0.00040405732199519254,0.00038947533927167544,-0.0004052743720117259,0.0003895681923676966,-0.00040477224377155835,0.0003893850099553711,-0.00040284027197865917,0.00038938429882188314,-3.574608881829074e-07,4.2264305023548043e-07,1.217050016533367e-06,8.452431812330304e-07,-1.9319717928990734e-06,1.0929415143700443e-06,4.7472025726251e-06
figure-rho0p15-Theta:spatial,figure-rho0p15-Theta,0,4.831207719595519,0.008594932643068747,4.8310770059065415,0.008594719645108892,4.83084139344498,0.008594295823994735,4.831338433284497,0.008595162850321103,4.831312618368103,0.00859521223132241,0.00013071368897765723,1.2163958712755105e-05,0.00023561246156145188,2.4315178040966888e-05,2.5814916392086218e-05,3.252062892944651e-05,0.00010958250535680436
figure-rho0p15-Theta:spatial,figure-rho0p15-Theta,1,4.83662514016245,0.011113343945550086,4.8364867874027375,0.01111311035784102,4.836239400463721,0.011112666390685063,4.836763492922163,0.011113599787525946,4.836734174341754,0.011113643174757621,0.0001383527597127454,1.572829712212433e-05,0.0002473869390167138,3.1426703543894435e-05,2.9318580408776995e-05,4.200772033073124e-05,0.00013752329740990724
figure-rho0p15-Theta:spatial,figure-rho0p15-Theta,2,4.842382693200039,0.012903656339309354,4.842236110740093,0.012903433469005337,4.841988261989933,0.012903008128089115,4.842529275659985,0.012903905062025711,4.842483959490254,0.012903962100680455,0.00014658245994603192,1.826599057022294e-05,0.0002478487501607063,3.6510760312376705e-05,4.531616973046937e-05,4.876755825901445e-05,0.00017093307535418224
figure-rho0p15-Theta:v_x,figure-rho0p15-Theta,0,0.3914720262847499,0.0003365360629551673,0.3918545232225357,0.0003365540081691436,0.3926190394750938,0.0003365900885240517,0.3910895293469641,0.00033651852394398635,0.39109000696997764,0.0003365195510465206,-0.0003824969377858034,3.7015768710370844e-07,-0.0007645162525580784,7.399661305965261e-07,-4.776230135838944e-07,9.39428787730724e-07,2.8974312135721746e-06
figure-rho0p15-Theta:v_x,figure-rho0p15-Theta,1,0.39171250064901725,0.00040975720613457134,0.39209516145177226,0.0004097806685288401,0.3928594806552917,0.0004098279157170278,0.39132983984626224,0.00040973424059221616,0.3913308422482528,0.00040973540382496955,-0.00038266080275500824,4.518048273157002e-07,-0.0007643192035194368,9.025100242720504e-07,-1.0024019905241488e-06,1.1443820776132621e-06,3.9501348804406e-06
figure-rho0p15-Theta:v_x,figure-rho0p15-Theta,2,0.3916465957694511,0.000463965051075333,0.39202932440397975,0.0004639924779154552,0.39279398811394944,0.0004640480527469101,0.39126386713492245,0.00046393818703515885,0.39126466069401006,0.0004639391564709751,-0.0003827286345286507,5.117191229020105e-07,-0.0007646637099696929,1.0239728879849173e-06,-7.935590877194976e-07,1.2960511498991455e-06,4.131965618464587e-06
figure-rho0p15-PV:spatial,figure-rho0p15-PV,0,90.60044050255217,0.1535807515498957,90.60287761198215,0.1535840950706626,90.60747143320637,0.15358455884984948,90.5980033931222,0.15357756745194273,90.59828379075793,0.15358426279285098,-0.0024371094299766582,0.0001565085760321811,-0.004593821224219141,0.0003114300705668344,-0.00028039763569154275,0.0004333266608561526,0.001396573146712627
figure-rho0p15-PV:spatial,figure-rho0p15-PV,1,90.70433618029374,0.18457808129225714,90.70672079744797,0.18458194811038986,90.71112115643834,0.18458571516638875,90.7019515631395,0.18457440687648732,90.7023204384576,0.18457893507243764,-0.0023846171542345473,0.00018848736242346996,-0.004400358990366726,0.00037308143148232306,-0.00036887531808815766,0.000520287526816674,0.0017090471759080884
figure-rho0p15-PV:spatial,figure-rho0p15-PV,2,90.57688673281989,0.2051766549804573,90.57909470635997,0.20518013994386397,90.5835962008732,0.20518968394522835,90.5746787592798,0.20517338514252292,90.57459321184673,0.20517143759947643,-0.002207973540080843,0.00021011935466062784,-0.004501494513235116,0.0004156617683513504,8.55474330734296e-05,0.000580672836784657,0.0015812615418098219
figure-rho0p15-PTheta:spatial,figure-rho0p15-PTheta,0,96.78029709349006,0.17266118044395784,96.78106612178969,0.1726610429811994,96.78275534681102,0.17265879010598426,96.77952806519043,0.17266151162204385,96.77937689676837,0.17266407720489083,-0.0007690282996293263,0.00018288570589730023,-0.0016892250213231819,0.0003673085675926802,0.00015116842207874015,0.000507581102979193,0.0014586107010353966
figure-rho0p15-PTheta:spatial,figure-rho0p15-PTheta,1,96.6678718403997,0.20592814960475278,96.66866758867022,0.2059273918441415,96.6701838694791,0.20592380003582092,96.66707609212918,0.20592913915608294,96.66715130786133,0.2059319312256648,-0.0007957482705194252,0.0002184788561344627,-0.0015162808088859947,0.0004417556244770072,-7.5215732124434e-05,0.0006101861156362207,0.001646951009369051
figure-rho0p15-PTheta:spatial,figure-rho0p15-PTheta,2,96.67646638448764,0.22958975524858122,96.67714974633952,0.22958772541164948,96.67857643690279,0.2295835495160735,96.67578302263576,0.229592043406869,96.67572305577626,0.22959295902683724,-0.0006833618518840012,0.0002435418133705314,-0.0014266905632638327,0.0004928101603860431,5.996685949583025e-05,0.0006792188401811088,0.0018095186515236135
figure-rho0p15-VTheta:spatial,figure-rho0p15-VTheta,0,3.3038302345286183,0.005699244420051497,3.3036935611297906,0.005699049894917248,3.3034151929120474,0.005698566396920204,3.303966907927446,0.005699449879270881,3.303971929347534,0.005699577155897714,0.00013667339882772467,7.89658473381815e-06,0.00027836821774318565,1.5800737744904894e-05,-5.021420087736317e-06,2.136959521018811e-05,6.00658496340721e-05
figure-rho0p15-VTheta:spatial,figure-rho0p15-VTheta,1,3.308688544230172,0.007365171561572002,3.308550319792218,0.007364911903594418,3.308272015887451,0.007364339526295982,3.3088267686681263,0.007365445359850303,3.308828623696985,0.007365540758293061,0.00013822443795419304,1.0208669580010042e-05,0.0002783039047669078,2.0403740197350906e-05,-1.8550288585217345e-06,2.760128942883688e-05,7.295123898370454e-05
figure-rho0p15-VTheta:spatial,figure-rho0p15-VTheta,2,3.3123023365838162,0.008552353462952253,3.3121689536472636,0.008552033240047174,3.311888361580542,0.008551399633477263,3.312435719520369,0.008552690139943373,3.312449545713985,0.008552732549683282,0.00013338293655262845,1.186714399930246e-05,0.0002805920667214856,2.3713710206264395e-05,-1.3826193615784632e-05,3.204624114267008e-05,9.637184061810155e-05
figure-rho0p15-VTheta:v_x,figure-rho0p15-VTheta,0,0.3018190920955792,0.0002709463893278613,0.3021476401636116,0.00027097731567819674,0.30280515479294096,0.0002710388982136193,0.3014905440275468,0.00027091579432536036,0.3014901255342823,0.00027091705936004755,-0.0003285480680323971,3.0120382809858996e-07,-0.0006575146293293366,6.025665216500438e-07,4.184932644868411e-07,7.705201783240634e-07,2.403221718752009e-06
figure-rho0p15-VTheta:v_x,figure-rho0p15-VTheta,1,0.3020054214043677,0.000330535174411084,0.30233449420194053,0.0003305738202586909,0.3029923262691565,0.0003306503427993816,0.3016763486067949,0.000330496933943374,0.30167666213472455,0.00033049892167386297,-0.0003290727975728269,3.6806281036830523e-07,-0.0006578320672159799,7.36593539266566e-07,-3.135279296184734e-07,9.411502118224216e-07,2.737770224225899e-06
figure-rho0p15-VTheta:v_x,figure-rho0p15-VTheta,2,0.3018276151206478,0.000374649254022359,0.3021567120954517,0.0003746931726937664,0.3028143372917286,0.0003747810009457461,0.30149851814584394,0.0003746057961121325,0.3014990868991748,0.00037460718736407553,-0.00032909697480387745,4.1777093313985034e-07,-0.0006576251962768787,8.355142361482662e-07,-5.687533308762482e-07,1.0666743327497308e-06,3.3163243344643145e-06
figure-rho0p15-PVTheta:spatial,figure-rho0p15-PVTheta,0,86.99526128995664,0.15797825190433826,86.98993795086416,0.157971734774342,86.97974109710839,0.15796525478244552,87.00058462904913,0.15798493295728885,87.00013480461993,0.15797885184353397,0.0053233390924845025,0.00016105842570839624,0.010196853755772395,0.00031731140388961264,0.0004498244291823994,0.00044762547936435176,0.0016028312559223312
figure-rho0p15-PVTheta:spatial,figure-rho0p15-PVTheta,1,86.95192726199116,0.19034838772334217,86.9465796654693,0.1903405990554128,86.93639769726671,0.19033336766318953,86.95727485851302,0.19035637384594,86.95676163367189,0.19034859041447727,0.005347596521858122,0.00019402937550197939,0.010181968202587655,0.0003804084925632985,0.00051322484112859,0.0005383270992761536,0.00189986355831226
figure-rho0p15-PVTheta:spatial,figure-rho0p15-PVTheta,2,87.05388493890149,0.21291512643874028,87.04858575957324,0.21290704481208383,87.03830090637724,0.21290011089778965,87.05918411822974,0.2129234288258981,87.05887061276924,0.21291482399255313,0.005299179328247305,0.0002169570723187922,0.010284853195997812,0.0004242845988687446,0.0003135054604541665,0.0006018796065111248,0.0018638445880845712
figure-rho0p5-P:spatial,figure-rho0p5-P,0,20.011970038298724,0.03531100093505421,20.016214684872658,0.035314953063833435,20.02487330162995,0.03532263512906348,20.00772539172479,0.03530708823983852,20.007556068115367,0.03530742852356682,-0.0042446465739338635,3.752203155213001e-05,-0.008658616757291071,7.497201548474855e-05,0.0001693236094162387,9.999621893170117e-05,0.000426896800379716
figure-rho0p5-P:spatial,figure-rho0p5-P,1,20.039757909739887,0.04288825914518361,20.043996427929212,0.042892481458217724,20.052610297714775,0.04290100262281121,20.03551939155056,0.04288408404839232,20.03538255814365,0.04288414894823775,-0.004238518189325191,4.5195709291790805e-05,-0.00861386978556311,9.034868563477801e-05,0.00013683340690207046,0.00012033082773676156,0.00044678507910083146
figure-rho0p5-P:spatial,figure-rho0p5-P,2,20.047671148190044,0.04824965473343276,20.051889264308617,0.048254301697209366,20.06045246102233,0.0482634566363915,20.043453032071472,0.04824506036351063,20.043326067594904,0.048245356521403875,-0.004218116118572368,5.0586426771438196e-05,-0.008563196713712529,0.00010101435443813614,0.00012696447655713428,0.00013461884541122597,0.00047371964337070664
figure-rho0p5-V:spatial,figure-rho0p5-V,0,1.6521763479087241,0.0028459667820649533,1.6517929539761922,0.0028453438656439287,1.6510174793228463,0.0028440925343562627,1.652559741841256,0.0028465959330808105,1.6525684286295381,0.0028466201884654683,0.0003833939325319502,4.258565219483518e-06,0.0007754746533459311,8.526835436955107e-06,-8.686788282474822e-06,1.0843649728722e-05,3.6618179010606774e-05
figure-rho0p5-V:spatial,figure-rho0p5-V,1,1.6527713932542518,0.003652928488695615,1.6523886442472273,0.0036521297058945564,1.6516162749608212,0.0036505440451996556,1.6531541422612763,0.0036537353897917826,1.6531610135336334,0.0036537478518344157,0.00038274900702450765,5.504554763739352e-06,0.000772369286406116,1.1009390817999466e-05,-6.871272357100722e-06,1.3949728726729301e-05,4.28033923872858e-05
figure-rho0p5-V:spatial,figure-rho0p5-V,2,1.6533437664180848,0.004218812213179783,1.6529637076815191,0.004217892145497232,1.6521984988885643,0.0042160763481109585,1.6537238251546504,0.004219741788593672,1.653728916474474,0.004219745976688638,0.00038005873656565825,6.4005195569331095e-06,0.0007652087929548301,1.2798023013362453e-05,-5.091319823291585e-06,1.6154201375606865e-05,4.670178510121976e-05
figure-rho0p5-V:v_x,figure-rho0p5-V,0,7.511114637964294e-05,0.0002943016093407637,7.500347792732041e-05,0.000294365855391123,7.544379651272129e-05,0.00029449437125904734,7.521881483196546e-05,0.0002942377029444321,7.456315934191954e-05,0.00029423870080054075,1.0766845232252405e-07,3.2259342553371516e-07,-4.4031858540087424e-07,6.457986360805632e-07,6.556554900459359e-07,8.248959915688069e-07,2.7804467574685576e-06
figure-rho0p5-V:v_x,figure-rho0p5-V,1,-7.050089804854309e-05,0.00035671621671317614,-7.089573062871353e-05,0.00035679482204809736,-7.045012520326997e-05,0.000356952515099693,-7.010606546837265e-05,0.00035663802771609894,-7.134133605415708e-05,0.00035663879695290915,3.9483258017043916e-07,3.932691439240923e-07,-4.4560542544355654e-07,7.872253006637395e-07,1.2352705857844484e-06,1.0031813073548393e-06,3.819294393992484e-06
figure-rho0p5-V:v_x,figure-rho0p5-V,2,-0.0002469625698376875,0.00040229338376197485,-0.0002476421115270174,0.00040238255918091236,-0.00024764728728852124,0.0004025607991977019,-0.0002462830281483576,0.00040220468254320807,-0.00024763693576551355,0.000402206214519744,6.795416893299049e-07,4.4573273609665195e-07,5.175761503845716e-09,8.91118127382129e-07,1.353907617155964e-06,1.1345448792500657e-06,4.276301563264152e-06
figure-rho0p5-Theta:spatial,figure-rho0p5-Theta,0,3.6644342499717126,0.0066178245113976296,3.663776524583647,0.006616733802902988,3.6624969079324114,0.006614612638994043,3.665091975359778,0.006618934881124486,3.6650561412348828,0.006618933722377335,0.000657725388065522,1.1459749884135276e-05,0.00127961665123566,2.2929764558541715e-05,3.5834124894496e-05,2.87200792486667e-05,0.00010981214662205395
figure-rho0p5-Theta:spatial,figure-rho0p5-Theta,1,3.6663073101453683,0.008437451572438392,3.6656576151962463,0.008436184169185946,3.6643791394844833,0.008433726008212496,3.66695700509449,0.008438744202557793,3.6669360909080093,0.00843874305788903,0.0006496949491219262,1.4645445373552528e-05,0.001278475711762983,2.9258381899491174e-05,2.091418647998111e-05,3.6673089005604136e-05,0.00011537780379047991
figure-rho0p5-Theta:spatial,figure-rho0p5-Theta,2,3.6624539956506075,0.009664065989253396,3.661814579392802,0.009662735966611618,3.6605401838656877,0.009660162703016895,3.663093411908413,0.009665425062051081,3.663088974919916,0.009665424995856207,0.000639416257805614,1.680924279601033e-05,0.0012743955271141694,3.354905647684467e-05,4.436988495282179e-06,4.207140793994411e-05,0.00011280575390649279
figure-rho0p5-Theta:v_x,figure-rho0p5-Theta,0,1.0013220020700146,0.0004636133749748061,1.0022984422492884,0.00046362281299859706,1.0042512345720676,0.0004636422950900783,1.0003455618907409,0.00046360463120054485,1.0003456499265093,0.00046360610452053587,-0.0009764401792737853,5.674029718572412e-07,-0.0019527923227791177,1.1341251335325992e-06,-8.803576845295424e-08,1.3927203855421783e-06,3.675445749114315e-06
figure-rho0p5-Theta:v_x,figure-rho0p5-Theta,1,1.0014337372694035,0.0005582169655679082,1.0024098583972767,0.0005582318565876818,1.0043627897809297,0.0005582632738647022,1.0004576161415304,0.0005582029153685836,1.0004569270136237,0.0005582037986957759,-0.000976121127873153,6.852516434612977e-07,-0.0019529313836530449,1.3697455730190818e-06,6.891279067389178e-07,1.678923837927959e-06,5.013749126818439e-06
figure-rho0p5-Theta:v_x,figure-rho0p5-Theta,2,1.0017924093192283,0.0006254474091867793,1.0027684429454107,0.0006254686050354428,1.0047211027025582,0.0006255122319401648,1.000816375693046,0.0006254271583897829,1.0008157831882631,0.0006254287531800006,-0.000976033626182371,7.690967403997838e-07,-0.0019526597571475346,1.5371794123044818e-06,5.925047827926022e-07,1.8834539657382682e-06,5.443960699534518e-06
figure-rho0p5-PV:spatial,figure-rho0p5-PV,0,11.650078763180705,0.023865314759286785,11.649008850179984,0.023865646201914427,11.646946991406924,0.023867911438717353,11.651148676181426,0.023865008846817633,11.651070708953043,0.023863484301684144,0.0010699130007214563,2.4685764852105338e-05,0.0020618587730591997,4.971012610335817e-05,7.796722838193659e-05,6.661747112162663e-05,0.0002495624626220875
figure-rho0p5-PV:spatial,figure-rho0p5-PV,1,11.665570411751387,0.028412478793269153,11.664507033947134,0.028412785065225488,11.662452211713408,0.028415367592627423,11.666633789555641,0.028412203641217295,11.66656185618086,0.028410326453216686,0.0010633778042539177,2.9736818616837116e-05,0.0020548222337257727,5.938971747156174e-05,7.193337478028639e-05,7.963650008770148e-05,0.0002770634053343682
figure-rho0p5-PV:spatial,figure-rho0p5-PV,2,11.650809994883726,0.03147683729713216,11.64974955911755,0.03147717921110406,11.647675540031551,0.031479742801371516,11.651870430649902,0.03147653015611336,11.65182357820355,0.03147475553047311,0.0010604357661758712,3.308546822704092e-05,0.0020740190859989127,6.640921481991628e-05,4.685244634750063e-05,8.82931857087552e-05,0.0002742806213954797
figure-rho0p5-PTheta:spatial,figure-rho0p5-PTheta,0,15.998359424009891,0.03151107783101938,16.001348606640786,0.03151248954323795,16.007373029978325,0.03151474048373828,15.995370241378996,0.03150970960829198,15.995324183303246,0.03151041398419736,-0.00298918263089476,3.704501618065689e-05,-0.006024423337539275,7.437334035104622e-05,4.6058075753308e-05,9.615292876125787e-05,0.00029373160727390394
figure-rho0p5-PTheta:spatial,figure-rho0p5-PTheta,1,16.01183904168804,0.03803097159750933,16.014851823134755,0.03803286534964889,16.020888909219455,0.03803615685156707,16.008826260241328,0.038029129430787546,16.008814737050056,0.03802978547985041,-0.003012781446713575,4.433208203313206e-05,-0.006037086084699439,8.977268906969885e-05,1.1523191272289068e-05,0.00011581720920286337,0.0003098485525866144
figure-rho0p5-PTheta:spatial,figure-rho0p5-PTheta,2,15.992318650820126,0.04249049124142226,15.995316787798364,0.04249259624265618,16.00130783046927,0.04249696720671559,15.989320513841887,0.04248844346891266,15.98932574512746,0.04248846257753065,-0.0029981369782383638,4.935573735930614e-05,-0.005991042670904889,0.00010050643782266925,-5.2312855700620275e-06,0.00012932404449471363,0.0003383479490266832
figure-rho0p5-VTheta:spatial,figure-rho0p5-VTheta,0,1.2512820141738548,0.0022292521917896156,1.250745640080154,0.002228378389331069,1.2496827164972208,0.0022266498383553338,1.2518183882675555,0.0022301324337909213,1.2518085636630871,0.002230132749658238,0.0005363740937007755,3.889028563711613e-06,0.0010629235829331396,7.781120440384519e-06,9.82460446841138e-06,9.592522931476283e-06,3.4533306129803706e-05
figure-rho0p5-VTheta:spatial,figure-rho0p5-VTheta,1,1.25193207300594,0.0028644046000421003,1.251399429089807,0.002863278225159297,1.2503283977888064,0.002861049351941756,1.252464716922073,0.002865539329359623,1.2524704603908074,0.002865540515164804,0.0005326439161330576,5.020821322233116e-06,0.0010710313010005024,1.0036158492052356e-05,-5.743468734387136e-06,1.2353787422471052e-05,3.75647163863978e-05
figure-rho0p5-VTheta:spatial,figure-rho0p5-VTheta,2,1.2516377896426967,0.003310916251176713,1.251108495639814,0.0033096196030112882,1.2500409851654433,0.0033070548471294636,1.2521670836455794,0.0033122226462673895,1.2521760061141847,0.003312223343699633,0.0005292940028827076,5.8279701026040955e-06,0.0010675104743707031,1.1649188771356407e-05,-8.922468604843914e-06,1.4305249597288089e-05,4.5770349711420145e-05
figure-rho0p5-VTheta:v_x,figure-rho0p5-VTheta,0,0.5006948449234758,0.0002510670820575027,0.5013057511313238,0.00025108927994794543,0.502527938435954,0.00025113424462574395,0.5000839387156278,0.00025104523992055557,0.5000835638266936,0.0002510457343185607,-0.0006109062078479832,2.9967132780041975e-07,-0.0012221873046301956,5.98553979579873e-07,3.7488893411818935e-07,7.826782908242725e-07,2.3909346108366456e-06
figure-rho0p5-VTheta:v_x,figure-rho0p5-VTheta,1,0.50065027130666,0.0003049969950041452,0.501261023064939,0.0003050250390534565,0.5024827596055995,0.0003050802632464105,0.5000395195483809,0.00030496938581823715,0.5000392865242785,0.00030497154866831105,-0.0006107517582790711,3.652484074727413e-07,-0.0012217365406604896,7.292532213992402e-07,2.3302410245840122e-07,9.528683321168316e-07,2.687450274702106e-06
figure-rho0p5-VTheta:v_x,figure-rho0p5-VTheta,2,0.5007996166077021,0.0003442955281759305,0.5014106121226347,0.0003443274766415247,0.5026327815021391,0.0003443908760660405,0.5001886210927695,0.0003442640742675715,0.5001884427431303,0.00034426604671797755,-0.0006109955149325996,4.1385851556493216e-07,-0.0012221693795043675,8.258631000480126e-07,1.7834963916829594e-07,1.0784575308359311e-06,2.956272149675742e-06
figure-rho0p5-PVTheta:spatial,figure-rho0p5-PVTheta,0,10.63307623544331,0.019198491252165648,10.630598227318885,0.019197422294993577,10.625609790487626,0.01919524572743681,10.635554243567736,0.019199581736949984,10.635586664150143,0.01919968520564736,0.002478008124425557,2.0358378832522515e-05,0.004988436831258269,4.077369251426245e-05,-3.242058240715551e-05,5.5111592697925686e-05,0.00017437863784102912
figure-rho0p5-PVTheta:spatial,figure-rho0p5-PVTheta,1,10.640028564872653,0.023187143938113903,10.637561321710354,0.023185831753676372,10.63259291693388,0.023183724656910175,10.642495808034951,0.02318848228620874,10.642529726486828,0.023188042470265322,0.002467243162298516,2.4666110145115895e-05,0.004968404776473534,4.906297319744424e-05,-3.391845187294962e-05,6.644424293049553e-05,0.00020506747986219273
figure-rho0p5-PVTheta:spatial,figure-rho0p5-PVTheta,2,10.650208482088845,0.0260807527206768,10.647729900635305,0.02607911050095869,10.642788870627157,0.026076946777865068,10.652687063542384,0.02608242415787804,10.652670930643453,0.02608138988595187,0.002478581453539519,2.7654280804674387e-05,0.004941030008147607,5.496633612073534e-05,1.6132898931431328e-05,7.443417176014589e-05,0.00020786261973296727
figure-rho1p5-P:spatial,figure-rho1p5-P,0,3.0672975451965714,0.0055162637273080935,3.068229972393525,0.005517499145409096,3.0700883975307676,0.0055196819846391075,3.066365117999618,0.005515035861111342,3.0663715472562822,0.005515346271597658,-0.0009324271969535225,6.570787786553555e-06,-0.0018584251372426586,1.3039708499128543e-05,-6.429256664830518e-06,1.6452484092503948e-05,4.880804730566979e-05
figure-rho1p5-P:spatial,figure-rho1p5-P,1,3.0675795065056817,0.006719739553023617,3.0685150929875262,0.006721245477832583,3.0703797920229006,0.006723929618995399,3.066643920023837,0.00671824282642979,3.066650393952152,0.0067185978983688496,-0.0009355864818445525,8.00397464296278e-06,-0.0018646990353743398,1.5901172912884886e-05,-6.473928314321142e-06,1.991609170764021e-05,5.7774380946054154e-05
figure-rho1p5-P:spatial,figure-rho1p5-P,2,3.066742620479479,0.0076367630645992795,3.0676714277560664,0.0076385398155296705,3.069518493393064,0.007641564518399195,3.0658138132028916,0.007634996541146831,3.0658243621190686,0.007635556393802341,-0.0009288072765873956,9.013520415063572e-06,-0.001847065636997769,1.800978802193852e-05,-1.0548916177466339e-05,2.2468789814208354e-05,6.842468339508654e-05
figure-rho1p5-V:spatial,figure-rho1p5-V,0,0.43606288872857524,0.0011198669209570196,0.43544904772141185,0.0011183565782916958,0.43422905056061223,0.0011153596964343139,0.4366767297357386,0.0011213820500819457,0.4366690448822115,0.0011213725380753324,0.0006138410071633849,2.765605429880781e-06,0.001219997160799624,5.511313951161632e-06,7.684853527201163e-06,5.091229481000499e-06,2.0798991615205346e-05
figure-rho1p5-V:spatial,figure-rho1p5-V,1,0.4350610033331961,0.0014438779453622534,0.43444864358218505,0.001441936841096765,0.43322944694825866,0.0014380659317830855,0.4356733630842071,0.001445825277564873,0.43566784021611143,0.0014458325707520322,0.0006123597510110379,3.573846010669185e-06,0.0012191966339263893,7.132299010466091e-06,5.522868095686473e-06,6.581281343650562e-06,2.2475125435239443e-05
figure-rho1p5-V:spatial,figure-rho1p5-V,2,0.43471233141336457,0.0016745384857481179,0.4341001999467949,0.0016722940288189908,0.43288412934765286,0.0016678143068499817,0.43532446287993426,0.0016767902346768596,0.4353162705459369,0.0016768027798374672,0.0006121314665696875,4.155082919211052e-06,0.0012160705991420273,8.291168700445778e-06,8.19233399751429e-06,7.65078204617842e-06,2.7899442586752354e-05
figure-rho1p5-V:v_x,figure-rho1p5-V,0,0.00024046915062832526,0.00023438549137140598,0.00024048950859795193,0.0002344679717320226,0.00024122012067096763,0.0002346309477642235,0.0002404487926586986,0.00023430341240373816,0.00023975889652493623,0.0002343065975156027,-2.0357969626668164e-08,3.175699402373925e-07,-7.306120730156992e-07,6.33936834126561e-07,6.898961337623629e-07,7.387038987120493e-07,2.5926712826745554e-06
figure-rho1p5-V:v_x,figure-rho1p5-V,1,0.000162439727191999,0.00028555305608614546,0.0001622683714208448,0.000285653895068511,0.00016232061218994124,0.00028585265578958156,0.00016261108296315323,0.00028545271106864825,0.00016221613065174834,0.00028545710478599225,1.7135577115421794e-07,3.8880842223134534e-07,-5.224076909645173e-08,7.758734220972207e-07,3.949523114048876e-07,9.026943193632987e-07,2.72013879132386e-06
figure-rho1p5-V:v_x,figure-rho1p5-V,2,0.0002756453929410316,0.0003231032219478103,0.0002752761443685813,0.0003232169873172987,0.00027556262973750414,0.0003234407238110543,0.00027601464151348187,0.00032299002032968796,0.00027498965899965845,0.000322995507594825,3.6924857245028463e-07,4.416202730482276e-07,-2.864853689228458e-07,8.825998288437626e-07,1.024982513823415e-06,1.024893441751154e-06,3.664933074051008e-06
figure-rho1p5-Theta:spatial,figure-rho1p5-Theta,0,2.1494824598684077,0.003840206650764961,2.1482302140501193,0.0038379610978107833,2.1457410156198167,0.0038334808106067087,2.150734705686696,0.0038424741237229857,2.150719412480422,0.003842528541523298,0.0012522458182884222,9.448244042801794e-06,0.002489198430302597,1.8840662053734174e-05,1.529320627469133e-05,2.1769476016670476e-05,7.136766052027159e-05
figure-rho1p5-Theta:spatial,figure-rho1p5-Theta,1,2.1498275576083876,0.0048962967063354715,2.148581975759727,0.0048934855851809735,2.1460841588125197,0.004887861705870075,2.1510731394570484,0.004899135876190287,2.151079792706934,0.004899220950400172,0.0012455818486607484,1.2054725329484532e-05,0.0024978169472071876,2.403780151585757e-05,-6.653249886134915e-06,2.7797785371407887e-05,7.825560001821098e-05
figure-rho1p5-Theta:spatial,figure-rho1p5-Theta,2,2.149367133800009,0.005611509478685319,2.1481254552040845,0.005608351814834631,2.1456278800809114,0.005602052528673879,2.1506088123959337,0.005614699291904075,2.1506230303272575,0.005614779230355714,0.0012416785959246113,1.3801425946895397e-05,0.002497575123173057,2.7551603747824448e-05,-1.421793132383442e-05,3.186021864626201e-05,9.62844161287932e-05
figure-rho1p5-Theta:v_x,figure-rho1p5-Theta,0,1.8008503934891178,0.00033511976727598606,1.802606557563735,0.00033507722512894823,1.8061145675894774,0.00033499374375835645,1.7990942294145007,0.00033516314453065164,1.7990985475379924,0.0003351640284464005,-0.0017561640746170948,5.307605713568246e-07,-0.003508010025742525,1.0584709318822564e-06,-4.318123491664494e-06,1.2345078671795408e-06,7.498005031346841e-06
figure-rho1p5-Theta:v_x,figure-rho1p5-Theta,1,1.800823338364417,0.000403939393458059,1.8025794139265845,0.0004038915046040979,1.8060868187460328,0.0004037962675038581,1.7990672628022495,0.00040398828986669877,1.7990720091071362,0.00040399075149268385,-0.0017560755621675028,6.39791470960411e-07,-0.0035074048194483343,1.2763148018174903e-06,-4.7463048868934266e-06,1.4888237734980945e-06,8.581260790417264e-06
figure-rho1p5-Theta:v_x,figure-rho1p5-Theta,2,1.8007479752788247,0.0004528485702840788,1.802503914143769,0.00045279875732487444,1.8060107610303202,0.00045269976316003493,1.7989920364138803,0.0004528995160385716,1.798997067257218,0.0004529022604909079,-0.0017559388649444063,7.179993922177855e-07,-0.003506846886551118,1.4324547156579585e-06,-5.0308433374723904e-06,1.6698074206455351e-06,9.33198222277291e-06
figure-rho1p5-PV:spatial,figure-rho1p5-PV,0,0.8650919125852544,0.0015347301160538336,0.8643858051662531,0.0015344559458634367,0.8629814602060802,0.0015340697124627903,0.8657980200042558,0.0015350064552693322,0.8657901501264259,0.0015348517003587589,0.000706107419001345,1.845165161601631e-06,0.001404344960172832,3.842212808575623e-06,7.869877829969063e-06,4.552992673976168e-06,1.9597609778217695e-05
figure-rho1p5-PV:spatial,figure-rho1p5-PV,1,0.8674366582780018,0.0018922996695568866,0.8667295149926612,0.0018919555889839266,0.8653248072554541,0.0018915987220239493,0.8681438015633424,0.0018926464066376556,0.8681342227298682,0.0018923245315987582,0.0007071432853406057,2.2685276880038854e-06,0.0014047077372070227,4.793572679420994e-06,9.578833474299664e-06,5.653673953053504e-06,2.4141732515009565e-05
figure-rho1p5-PV:spatial,figure-rho1p5-PV,2,0.86790169331822,0.0021451313636740507,0.8671957138802588,0.002144762383074072,0.8657903946088423,0.002144439908957383,0.8686076727561811,0.0021455033539616547,0.8686010331516754,0.002145098944193386,0.000705979437961135,2.567768885352746e-06,0.0014053192714165164,5.506532919096408e-06,6.639604505531693e-06,6.441817669457272e-06,2.323262722632381e-05
figure-rho1p5-PTheta:spatial,figure-rho1p5-PTheta,0,2.588205147865505,0.0046432784701404784,2.590279368239532,0.00464554857269172,2.594440456554918,0.004650035244658123,2.586130927491478,0.004641017632227669,2.586118279924146,0.004641099435661302,-0.002074220374026936,6.939068597572286e-06,-0.004161088315385975,1.3940333249885896e-05,1.2647567332102483e-05,1.4853600280849721e-05,5.090790619799102e-05
figure-rho1p5-PTheta:spatial,figure-rho1p5-PTheta,1,2.5922307750250018,0.005687725412191093,2.5943117511254146,0.005690575552460106,2.5984906410719537,0.0056964464418728005,2.590149798924589,0.005684886550724826,2.5901328611788754,0.005684750365425514,-0.0020809761004128013,8.499526456437154e-06,-0.004178889946539144,1.715438453468831e-05,1.693774571354112e-05,1.8210086641470816e-05,6.384382050391555e-05
figure-rho1p5-PTheta:spatial,figure-rho1p5-PTheta,2,2.589174578292794,0.006436104928988273,2.591257889127691,0.006439326604138746,2.595444521939761,0.006446089224369394,2.5870912674578967,0.006432896046892492,2.5870712563156215,0.006432615499316963,-0.002083310834897212,9.626811512411954e-06,-0.004186632812069657,1.941933374146176e-05,2.0011142275233595e-05,2.059204242242638e-05,7.305272856583458e-05
figure-rho1p5-VTheta:spatial,figure-rho1p5-VTheta,0,0.2326634302310961,0.0008813924778768136,0.23233240968172852,0.0008801772642900959,0.23166458892513156,0.0008777418912434048,0.23299445078046366,0.0008826145680024297,0.2330002304383255,0.0008826401203717864,0.00033102054936756664,2.7470081596489176e-06,0.0006678207565969652,5.494387458155082e-06,-5.779657861831877e-06,5.3138456721969796e-06,1.9467217258553513e-05
figure-rho1p5-VTheta:spatial,figure-rho1p5-VTheta,1,0.23303866831092737,0.0011329644221503028,0.2327087341943176,0.0011314030608482125,0.23203429011219887,0.0011282727984928515,0.23336860242753715,0.0011345347270817218,0.23338317827643631,0.0011345690090839428,0.00032993411660978134,3.5474874475651724e-06,0.0006744440821187248,7.091262201339803e-06,-1.457584889916208e-05,6.871736884059519e-06,3.227627013106437e-05
figure-rho1p5-VTheta:spatial,figure-rho1p5-VTheta,2,0.2330612332383924,0.001311597851058745,0.23273289709108283,0.0013097925951231267,0.2320599388758393,0.0013061738410394816,0.23338956938570196,0.0013134135295401362,0.23340585530632635,0.0013134532260884926,0.00032833614730956584,4.116795756959194e-06,0.0006729582152435187,8.252140914788064e-06,-1.6285920624414807e-05,7.989262935329948e-06,3.686489820660411e-05
figure-rho1p5-VTheta:v_x,figure-rho1p5-VTheta,0,0.4506214913112889,0.0002402882661501387,0.4512257825941211,0.0002403236506241444,0.45243378671337436,0.00024039556682596596,0.45001720002845674,0.00024025344986026805,0.45001777847486785,0.00024025399030713142,-0.0006042912828321811,3.711604749819185e-07,-0.0012080041192532587,7.396990756391979e-07,-5.784464112146281e-07,8.863849916568974e-07,2.8616228469070676e-06
figure-rho1p5-VTheta:v_x,figure-rho1p5-VTheta,1,0.45067726530734936,0.00029380804446382423,0.45128169534395235,0.0002938521141789717,0.45249009020306896,0.00029394060815770266,0.4500728352707464,0.0002937646695862464,0.45007330048483574,0.0002937663790379674,-0.0006044300366029876,4.539390129135106e-07,-0.0012083948591166127,9.045889386862275e-07,-4.6521408925137564e-07,1.0827135286473428e-06,3.254099323637088e-06
figure-rho1p5-VTheta:v_x,figure-rho1p5-VTheta,2,0.4504308082768261,0.00033303395653221904,0.45103551624751487,0.0003330842329951665,0.45224397901321606,0.00033318445972207187,0.4498261003061373,0.0003329844696877418,0.4498270534818137,0.00033298715826344865,-0.0006047079706887892,5.152262595473443e-07,-0.0012084627657011904,1.0293757086715648e-06,-9.531756764435961e-07,1.2300084213865122e-06,4.121467411802751e-06
figure-rho1p5-PVTheta:spatial,figure-rho1p5-PVTheta,0,0.7750222822648234,0.0013954452094721635,0.7743418141970552,0.0013951209895162534,0.772985858146693,0.001394427889328361,0.7757027503325916,0.0013957718270925796,0.7756977702474174,0.0013958235523250585,0.0006804680677682251,1.8578773566765788e-06,0.001355956050362206,3.699796242491149e-06,4.980085173911242e-06,4.285722524866013e-06,1.6019374840131126e-05
figure-rho1p5-PVTheta:spatial,figure-rho1p5-PVTheta,1,0.7753511306500216,0.0017194182491631713,0.774670719716039,0.0017190484828195724,0.7733111987742373,0.0017181709630401164,0.7760315415840042,0.0017197909492429348,0.7760302406578407,0.0017199376685160489,0.0006804109339826336,2.276430484133101e-06,0.0013595209418016951,4.564495923651092e-06,1.3009261633500913e-06,5.271933692884267e-06,1.4880527455590355e-05
figure-rho1p5-PVTheta:spatial,figure-rho1p5-PVTheta,2,0.7755267233214244,0.001937375165341099,0.7748443639907973,0.0019369590761598395,0.7734845008967659,0.001936021161254976,0.7762090826520515,0.001937794554670018,0.7762042270848286,0.0019379102705073725,0.0006823593306271025,2.562836890267655e-06,0.001359863094031355,5.158872409073674e-06,4.855567222961099e-06,5.9391985123330656e-06,2.0153928790332216e-05
figure-rho6-P:spatial,figure-rho6-P,0,0.216554750713654,0.00037040389418332867,0.21657384496757343,0.00037043034150351887,0.216611740203502,0.0003704837989129959,0.21653565645973455,0.0003703775011381147,0.21653594973164486,0.0003703771015557653,-1.909425391943831e-05,1.4422790760709648e-07,-3.7895235928564475e-05,2.887914711090838e-07,-2.93271910367654e-07,3.229439075150145e-07,1.1251202907316223e-06
figure-rho6-P:spatial,figure-rho6-P,1,0.21660355081661542,0.00045304293484949915,0.21662258190896583,0.0004530747954344561,0.21666049993214415,0.000453140256187747,0.216584519724265,0.0004530111408556992,0.2165846638857875,0.00045300960099212086,-1.9031092350407786e-05,1.7658321156488681e-07,-3.791802317831827e-05,3.5344942279221266e-07,-1.4416152255281034e-07,3.9538290119273846e-07,1.1626003855479112e-06
figure-rho6-P:spatial,figure-rho6-P,2,0.2168240386983577,0.0005163723355438014,0.21684302947604464,0.0005164073833929891,0.2168809906925407,0.0005164802682899694,0.21680504792067076,0.0005163373630089816,0.2168050682595486,0.0005163348034832372,-1.899077768693913e-05,2.0028971769715947e-07,-3.7961216496046335e-05,4.0346955562761295e-07,-2.033887785968247e-08,4.49973404107998e-07,1.179393557956711e-06
figure-rho6-V:spatial,figure-rho6-V,0,0.04053458477706644,0.0002220196326800741,0.040451032823760294,0.00022157190683647773,0.04028410753736414,0.00022067853960397227,0.04061813673037258,0.00022246772962935578,0.04061795811015645,0.00022246676434121328,8.355195330614351e-05,5.319937983094587e-07,0.00016692528639615511,1.0628452110726718e-06,1.7862021613190837e-07,5.509087462255467e-07,1.5976671082141167e-06
figure-rho6-V:spatial,figure-rho6-V,1,0.04039838089949048,0.0002861973767215614,0.0403151011501918,0.00028561699680652863,0.04014897940006174,0.00028446053896819337,0.04048166064878916,0.0002867782365730262,0.04048122290032186,0.000286775381794375,8.327974929867726e-05,6.888222224948966e-07,0.00016612175013006047,1.3747915884632586e-06,4.377484672871135e-07,7.123297622368714e-07,2.2725883426120346e-06
figure-rho6-V:spatial,figure-rho6-V,2,0.040461748758671964,0.00033184934017238126,0.04037798214945265,0.00033117669972562827,0.04021178538702722,0.0003298359336052334,0.04054551536789128,0.0003325225390926351,0.04054417891187808,0.0003325197077283382,8.376660921931289e-05,7.98842938959156e-07,0.00016619676242542875,1.5947166923073139e-06,1.3364560131970404e-06,8.277216957572971e-07,3.4685258122713978e-06
figure-rho6-V:v_x,figure-rho6-V,0,5.195747652328146e-05,0.00019550424907210923,5.185692399960644e-05,0.00019552598730766298,5.194885836299157e-05,0.00019557023268776177,5.205802904695647e-05,0.00019548255794458175,5.1764989636221314e-05,0.00019548192953255537,1.0055252367501514e-07,9.839383748453095e-08,-9.193436338512825e-08,1.965477594109784e-07,2.9303941073517887e-07,2.0604632779245458e-07,8.237795797415498e-07
figure-rho6-V:v_x,figure-rho6-V,1,8.066720502516441e-05,0.00023853310040062046,8.066144777794807e-05,0.0002385597241544449,8.093458766767709e-05,0.00023861355650653767,8.067296227238076e-05,0.00023850653465843312,8.038830788821905e-05,0.0002385061230194443,5.757247216345383e-09,1.2060255849854662e-07,-2.731398897290211e-07,2.409244438231057e-07,2.8465438416171184e-07,2.523713752517031e-07,9.347199678996434e-07
figure-rho6-V:v_x,figure-rho6-V,2,0.00011767911896218237,0.00027014963433548314,0.00011772132919632774,0.00027017991896109754,0.00011790128990898485,0.0002702415825799964,0.000117636908728037,0.0002701194159866558,0.00011754136848367064,0.00027011851899868964,-4.2210234145370184e-08,1.3718528845603622e-07,-1.7996071265710505e-07,2.738993756610424e-07,9.554024436636468e-08,2.8718778620896756e-07,8.352869596907165e-07
figure-rho6-Theta:spatial,figure-rho6-Theta,0,1.1720489188513088,0.0021037218861009723,1.1718163914568065,0.0021032947069058857,1.171355408370451,0.002102439334612816,1.172281446245811,0.002104150780514514,1.172277374543162,0.0021041569145763364,0.0002325273945023021,1.9471925557880667e-06,0.00046098308635555973,3.88771717439735e-06,4.071702648822395e-06,4.094938200038352e-06,1.4619564460502726e-05
figure-rho6-Theta:spatial,figure-rho6-Theta,1,1.1725469580178813,0.0026829210766749515,1.172313233042721,0.002682385901193352,1.171849410434998,0.002681321727245265,1.1727806829930416,0.0026834584430704372,1.1727770556504442,0.0026834588027054413,0.00023372497516027657,2.4830699818469362e-06,0.0004638226077231522,4.955046552158038e-06,3.627342597845029e-06,5.228016310057348e-06,1.7093820208466687e-05
figure-rho6-Theta:spatial,figure-rho6-Theta,2,1.1713804151090943,0.0030741931346680903,1.171147779878115,0.0030735906025856664,1.170683999902401,0.003072392651077692,1.1716130503400737,0.0030747981775264823,1.1716115598538288,0.003074798579782059,0.00023263523097938332,2.8430918785378895e-06,0.00046377997571389606,5.6799657111225145e-06,1.4904862448705813e-06,5.996790085986114e-06,1.69371938752919e-05
figure-rho6-Theta:v_x,figure-rho6-Theta,0,2.571972979262042,0.0002492253152656617,2.5725998649394946,0.00024921726661732325,2.5738521365025453,0.00024920117717036746,2.571346093584589,0.00024923341059624864,2.571347593376444,0.0002492335418489701,-0.0006268856774527265,1.0816448419012839e-07,-0.0012522715630507442,2.157837566551897e-07,-1.499791855152921e-06,2.3638428228530015e-07,2.108677416350213e-06
figure-rho6-Theta:v_x,figure-rho6-Theta,1,2.5720497407738945,0.0003006250774460162,2.5726766547909734,0.00030061601207984133,2.5739291709381487,0.0003005978700554918,2.5714228267568155,0.00030063419907863464,2.571424138643798,0.00030063437842314946,-0.0006269140170789278,1.303755977750773e-07,-0.0012525161471752533,2.603211450849776e-07,-1.3118869830464064e-06,2.8508559407867223e-07,2.0462188102799565e-06
figure-rho6-Theta:v_x,figure-rho6-Theta,2,2.5720893369965387,0.0003370528261087885,2.572716245782443,0.0003370433795912586,2.573968631063355,0.0003370243046101983,2.5714624282106344,0.0003370623357653659,2.571463860501531,0.000337062706361422,-0.0006269087859043232,1.4618833586118074e-07,-0.0012523852809120939,2.9194612471629906e-07,-1.4322908965525016e-06,3.1983559167076415e-07,2.2561327858803164e-06
figure-rho6-PV:spatial,figure-rho6-PV,0,0.013900349543674218,2.560407212873393e-05,0.013883012954455348,2.559102576920934e-05,0.013848346168744259,2.556476920131507e-05,0.013917686132893087,2.5617128238389155e-05,0.013917679740166437,2.5617321116992672e-05,1.7336589218869616e-05,2.0493359809794512e-08,3.466678571108911e-05,4.102247526450718e-08,6.392726643184021e-09,3.130533445790777e-08,8.702992449573114e-08
figure-rho6-PV:spatial,figure-rho6-PV,1,0.013889725543870851,3.1276070086430315e-05,0.013872397017047363,3.1260017311043457e-05,0.013837748785710376,3.1227855768755925e-05,0.01390705407069434,3.129213479805779e-05,0.013907045248384351,3.129222655172765e-05,1.7328526823488094e-05,2.5123733343501425e-08,3.464823133698773e-05,5.026880442949868e-08,8.822309983252952e-09,3.824713373711541e-08,1.0734039783819829e-07
figure-rho6-PV:spatial,figure-rho6-PV,2,0.013881259141809911,3.567023217078704e-05,0.013863926683392,3.565197947195939e-05,0.013829294081610733,3.561589825820027e-05,0.013898591600227822,3.568849842799917e-05,0.013898559285173267,3.568811560107144e-05,1.733245841791138e-05,2.858389941809577e-08,3.46326017812669e-05,5.711110174288502e-08,3.231505455066064e-08,4.356115295269127e-08,1.4452114882044835e-07
figure-rho6-PTheta:spatial,figure-rho6-PTheta,0,0.23942813009532268,0.00040691080066561846,0.2395149213114414,0.0004070404838830961,0.23968831324206727,0.00040730137935265513,0.23934133887920397,0.00040678117609228875,0.23934152938081552,0.00040677981907737853,-8.679121611870899e-05,2.0167565707604086e-07,-0.00017339193062587688,4.023627905096872e-07,-1.905016115688607e-07,3.0094683219953375e-07,9.65689280743917e-07
figure-rho6-PTheta:spatial,figure-rho6-PTheta,1,0.23981066410209104,0.0005009972292760672,0.23989762631310557,0.0005011590514612481,0.24007105183845423,0.0005014809703675858,0.2397237018910765,0.0005008354786965616,0.2397242007877569,0.0005008374138841996,-8.696221101453516e-05,2.490965267353052e-07,-0.0001734255253486583,4.945017457128715e-07,-4.988966804675421e-07,3.6904585475115303e-07,1.4494958074707667e-06
figure-rho6-PTheta:spatial,figure-rho6-PTheta,2,0.23946650613078374,0.0005639531488570107,0.2395532923130803,0.0005641348838426915,0.23972649753788866,0.0005644973668301834,0.23937971994848717,0.0005637714954900924,0.23938008708827196,0.0005637727208683766,-8.678618229657209e-05,2.8114397328913814e-07,-0.0001732052248083482,5.583982130914985e-07,-3.6713978490698906e-07,4.171293830723291e-07,1.4415938731755713e-06
figure-rho6-VTheta:spatial,figure-rho6-VTheta,0,0.014870500183963983,0.00012927616223389697,0.014852591562108443,0.00012912402046680926,0.014816640104456071,0.00012881896757527264,0.014888408805819523,0.000129428801710135,0.014888543019760815,0.00012943106492017397,1.790862185553979e-05,2.9591365704308305e-07,3.595145765237194e-05,5.923050329513128e-07,-1.3421394130103126e-07,5.122074089807638e-07,1.4535727948234917e-06
figure-rho6-VTheta:spatial,figure-rho6-VTheta,1,0.014955334807505143,0.00016654109820668582,0.014937277890538038,0.00016634640120277637,0.01490106983119291,0.0001659528769817449,0.014973391724472249,0.00016673643811540743,0.014973485949883165,0.0001667424887945661,1.8056916967105346e-05,3.809230571209033e-07,3.620805934512715e-05,7.630732908582876e-07,-9.422541092339587e-08,6.63409822488235e-07,1.8030558719183248e-06
figure-rho6-VTheta:spatial,figure-rho6-VTheta,2,0.015060394250765987,0.00019465569747825358,0.015042021576893253,0.0001944301314218073,0.015005441337515033,0.00019397181263029937,0.015078766924638722,0.000194882011600639,0.015078601816271473,0.00019489142899772123,1.837267387273453e-05,4.434685566975436e-07,3.658023937821997e-05,8.891519713660309e-07,1.6510836724041578e-07,7.756106927315653e-07,2.162949117686316e-06
figure-rho6-VTheta:v_x,figure-rho6-VTheta,0,0.19786251775583694,0.0002463259927898334,0.19793314614996943,0.0002463603210896149,0.19807415578815626,0.0002464294827932166,0.19779188936170444,0.0002462917041301737,0.1977921365117826,0.0002462913183901653,-7.062839413249367e-05,1.0460145564111411e-07,-0.0001410096381868342,2.0962984247421533e-07,-2.4715007818087997e-07,2.067073199855519e-07,7.795928502476157e-07
figure-rho6-VTheta:v_x,figure-rho6-VTheta,1,0.19780423027388905,0.00030253712281359737,0.19787488658889285,0.00030257919435348446,0.19801578950897325,0.00030266413305932193,0.19773357395888524,0.0003024950999189531,0.19773398366881245,0.00030249444938230697,-7.06563150038031e-05,1.2839377283047083e-07,-0.00014090292008039906,2.5655062710704157e-07,-4.0970992720712474e-07,2.536729401042066e-07,1.0631281198325403e-06
figure-rho6-VTheta:v_x,figure-rho6-VTheta,2,0.19820747792971702,0.0003462412766986616,0.19827810293894435,0.0003462900955640056,0.19841906527288575,0.00034638743066389894,0.1981368529204897,0.0003461925120306915,0.19813714060500295,0.00034619297775620043,-7.062500922733195e-05,1.4541666058139748e-07,-0.0001409623339413968,2.910310861215366e-07,-2.8768451329486133e-07,2.886510742197574e-07,1.0312004087568658e-06
figure-rho6-PVTheta:spatial,figure-rho6-PVTheta,0,0.012839399485288444,2.4503717759939224e-05,0.01282445608932639,2.4492231422408813e-05,0.012794594133674418,2.446918506633431e-05,0.0128543428812505,2.4515213831704715e-05,0.012854318044978361,2.451531641220917e-05,1.4943395962054712e-05,1.9250266423479504e-08,2.986195565197157e-05,3.844804020099845e-08,2.483627213265005e-08,3.046981215986697e-08,1.0332130716617601e-07
figure-rho6-PVTheta:spatial,figure-rho6-PVTheta,1,0.01283749183208601,2.9639045889084706e-05,0.012822542881722977,2.9624712172557153e-05,0.01279267058718769,2.9596407793955006e-05,0.012852440782449044,2.9653391563528928e-05,0.012852415176258264,2.9653064480168487e-05,1.49489503630338e-05,2.3665336326079486e-08,2.9872294535287017e-05,4.714211173756277e-08,2.5606190775379067e-08,3.7365592264955904e-08,1.2185357827408541e-07
figure-rho6-PVTheta:spatial,figure-rho6-PVTheta,2,0.012808199725571059,3.3353521889307524e-05,0.012793266600001388,3.333728860560666e-05,0.012763429848444013,3.330516616935509e-05,0.01282313285114073,3.336976890193682e-05,0.012823103351558764,3.3369465839558793e-05,1.493312556967094e-05,2.686355476303364e-08,2.983675155737546e-05,5.3482888913584565e-08,2.949958196468705e-08,4.2404824796103376e-08,1.3872717228427353e-07
tuned-M0p15-V:spatial,tuned-M0p15-V,0,1.2207539635821458,0.002158872455621525,1.2207944604724892,0.0021589441991466626,1.220877949121479,0.0021590896197018535,1.2207134666918025,0.0021588013020284046,1.2207109718234994,0.0021588011376190465,-4.0496890343355574e-05,1.130793070756942e-06,-8.348864898977126e-05,2.261374751928084e-06,2.494868303060116e-06,2.683160744849575e-06,9.406232375644539e-06
tuned-M0p15-V:spatial,tuned-M0p15-V,1,1.2221630174091733,0.0027940802595135305,1.2222038915961129,0.0027941720700140386,1.2222887987567603,0.002794362382097704,1.2221221432222338,0.0027939892194137244,1.2221189844354654,0.0027939848362522925,-4.087418693954348e-05,1.4700068447555184e-06,-8.490716064746273e-05,2.938877118380277e-06,3.1587867683757764e-06,3.483730134165456e-06,1.2132280933445144e-05
tuned-M0p15-V:spatial,tuned-M0p15-V,2,1.2240810147224974,0.003251567821009009,1.224121915651584,0.0032516742877514815,1.2242087791737006,0.003251898804172662,1.224040113793411,0.0032514622635371917,1.2240350521294672,0.003251453401515867,-4.0900929086484794e-05,1.7227286438665067e-06,-8.686352211673132e-05,3.4429319248942795e-06,5.061663943539685e-06,4.07643150473327e-06,1.556185566714224e-05
tuned-M0p15-V:v_x,tuned-M0p15-V,0,-6.14478409272916e-05,0.0004417015875847641,-6.25753807084872e-05,0.00044204163660750294,-6.157865903267839e-05,0.0004427232412744627,-6.0320301146095994e-05,0.00044136288164318423,-6.357210238429601e-05,0.0004413654335052827,1.1275397811956028e-06,8.41676069825831e-07,-9.96721675808809e-07,1.6877897666578266e-06,3.2518012382000416e-06,1.9511232872723657e-06,8.27756177629745e-06
tuned-M0p15-V:v_x,tuned-M0p15-V,1,-0.00029590497697353575,0.0005405053253684058,-0.0002963027689036995,0.0005409225097769556,-0.00029341540364728107,0.0005417581092672449,-0.000295507185043372,0.0005400897882165045,-0.000299190134160118,0.0005400935344631167,3.9779193016376956e-07,1.0313621907406577e-06,-2.8873652564184553e-06,2.067819972927286e-06,3.6829491167459944e-06,2.3891943811496366e-06,9.837106015468777e-06
tuned-M0p15-V:v_x,tuned-M0p15-V,2,9.403598454094743e-05,0.0006141379052395469,9.445605824815778e-05,0.0006146126944884759,9.952298449990345e-05,0.00061556458774273,9.361591083373708e-05,0.0006136649926733693,8.938913199641211e-05,0.0006136683308216818,-4.2007370721035134e-07,1.1734894872945321e-06,-5.066926251745668e-06,2.3509023349487248e-06,4.226778837324979e-06,2.716576321280932e-06,1.1224215730874635e-05
tuned-M0p15-Theta:spatial,tuned-M0p15-Theta,0,1.2217682694194045,0.0021335383457526404,1.2217543294729956,0.0021335145610885207,1.2217280277635874,0.0021334687603067367,1.2217822093658135,0.002133562233362862,1.2217806311824038,0.002133560772108103,1.3939946408969561e-05,4.692628414426444e-07,2.63017094082052e-05,9.366775853962352e-07,1.5781834095118796e-06,1.1755458358919095e-06,4.606188821209663e-06
tuned-M0p15-Theta:spatial,tuned-M0p15-Theta,1,1.221837730228035,0.0027611165505690444,1.2218239737191154,0.0027610877802291475,1.221797645664128,0.0027610308289387426,1.2218514867369545,0.0027611454617900103,1.221850301774103,0.0027611452936578624,1.3756508919549049e-05,6.243563512727501e-07,2.632805498747892e-05,1.2471522945665588e-06,1.184962851397131e-06,1.557189738578267e-06,5.196017811136535e-06
tuned-M0p15-Theta:spatial,tuned-M0p15-Theta,2,1.2226582681233906,0.0032133846227096943,1.2226449515940119,0.0032133543111318337,1.2226195096598125,0.0032132945329771817,1.2226715846527694,0.003213415109771224,1.2226703935282113,0.003213414789944446,1.3316529378748498e-05,7.515455089481076e-07,2.544193419939944e-05,1.5016916536806707e-06,1.1911245576534668e-06,1.8646214604379906e-06,5.9940711553846084e-06
tuned-M0p15-Theta:v_x,tuned-M0p15-Theta,0,0.2881081455896318,0.0004359678762743301,0.2881786037319192,0.00043629565819032235,0.2883195581266199,0.0004369529737618516,0.2880376874473444,0.00043564148275096145,0.28803764933721854,0.0004356439180246823,-7.045814228739955e-05,8.439676782027451e-07,-0.0001409543947006875,1.6914313122732203e-06,3.811012583287976e-08,1.95738332735992e-06,5.079995458628895e-06
tuned-M0p15-Theta:v_x,tuned-M0p15-Theta,1,0.2884569321325397,0.0005340426142187125,0.2885278506843171,0.0005344453708059408,0.28867007199699224,0.0005352495739379223,0.2883860135807623,0.0005336415586490436,0.2883856293716419,0.0005336480017423749,-7.091855177737694e-05,1.0343814980551952e-06,-0.00014222131267516147,2.072126028740759e-06,3.8420912040759703e-07,2.3985914095652847e-06,6.562571160289227e-06
tuned-M0p15-Theta:v_x,tuned-M0p15-Theta,2,0.2884854353536966,0.0006080197206874857,0.28855622932994573,0.0006084791829338354,0.28869799753159653,0.0006093950562095863,0.28841464137744743,0.0006075621884760002,0.28841446112829494,0.000607571085079807,-7.079397624915051e-05,1.176316241184595e-06,-0.00014176820165079373,2.3585832700293915e-06,1.8024915249270634e-07,2.7297008972787798e-06,7.211492713493631e-06
tuned-M0p35-V:spatial,tuned-M0p35-V,0,1.8886510725246857,0.0032855723548042845,1.888656364959063,0.0032855683489639784,1.888666186922425,0.003285578689386532,1.8886457800903083,0.003285578259045195,1.8886465429957011,0.0032855656080615333,-5.292434377413002e-06,2.4974703190436686e-06,-9.821963361966723e-06,4.996879021018834e-06,-7.62905392859281e-07,6.376297935839908e-06,1.7187160463842277e-05
tuned-M0p35-V:spatial,tuned-M0p35-V,1,1.88705918213606,0.004246822416985865,1.887070288204827,0.004246825862031779,1.88708578091588,0.004246849710772491,1.8870480760672932,0.004246821445954034,1.8870547954937738,0.004246811916414058,-1.1106068766864041e-05,3.2414047670234455e-06,-1.549271105316663e-05,6.485153849701502e-06,-6.719426480783497e-06,8.25618012831446e-06,2.7985937190270275e-05
tuned-M0p35-V:spatial,tuned-M0p35-V,2,1.8869557864322177,0.004932301260810883,1.886968877013816,0.004932315689893916,1.8869861888907349,0.004932355441032534,1.8869426958506195,0.004932289741418009,1.886951565136897,0.004932287594796164,-1.309058159826293e-05,3.7883556962226094e-06,-1.731187691889069e-05,7.582378121930711e-06,-8.869286277857213e-06,9.623202246290894e-06,3.365701261736032e-05
tuned-M0p35-V:v_x,tuned-M0p35-V,0,0.0002796660810375862,0.00036974098278317,0.00027991612857873263,0.0003699016966550122,0.00028037158232594985,0.000370225600189762,0.0002794160334964397,0.00036958087783115265,0.0002794606748315154,0.00036958024099608945,-2.5004754114645424e-07,5.008731242836269e-07,-4.554537472172167e-07,1.0047870629278939e-06,-4.464133507580022e-08,1.1911531175263291e-06,3.1128484401554983e-06
tuned-M0p35-V:v_x,tuned-M0p35-V,1,0.00024527079965625534,0.0004507339571651237,0.0002449826738932287,0.0004509309952049611,0.0002459529753835014,0.0004513272901868841,0.000245558925419282,0.0004505376666253199,0.00024401237240295596,0.00045053770859254747,2.881257630266555e-07,6.128626523826892e-07,-9.703014902727285e-07,1.2298085594591561e-06,1.5465530163260395e-06,1.4579980454360524e-06,5.302107106205948e-06
tuned-M0p35-V:v_x,tuned-M0p35-V,2,0.00018227920096529977,0.0005110738053213921,0.0001820122558442326,0.0005112984423497488,0.00018314290885233108,0.0005117502994196835,0.00018254614608636694,0.0005108500216157396,0.00018088160283613413,0.0005108500168657846,2.6694512106717016e-07,6.974104618524159e-07,-1.1306530080984793e-06,1.3989977393284675e-06,1.6645432502327925e-06,1.6592582783199866e-06,5.938509345604373e-06
tuned-M0p35-Theta:spatial,tuned-M0p35-Theta,0,1.8868938500166001,0.0033030347340219754,1.886782394153454,0.003302845674851352,1.886568659418102,0.003302476497156245,1.8870053058797462,0.0033032253837468376,1.8869961288888062,0.0033032212062454043,0.00011145586314609268,2.2999350498433528e-06,0.0002137347353521335,4.596079316787385e-06,9.176990939163687e-06,5.776957194140741e-06,2.4057446564896546e-05
tuned-M0p35-Theta:spatial,tuned-M0p35-Theta,1,1.887454980986414,0.00427056819696592,1.8873423961691496,0.004270334142532477,1.8871262579446644,0.0042698708693634235,1.8875675658036786,0.004270804332014596,1.8875585343936347,0.0042708057079922975,0.00011258481726450498,2.990096969471397e-06,0.00021613822448518505,5.969032617202766e-06,9.031410043602861e-06,7.499393455668607e-06,2.8348567465190188e-05
tuned-M0p35-Theta:spatial,tuned-M0p35-Theta,2,1.8851454550330013,0.004966894668191236,1.8850346643902482,0.004966635223562631,1.8848246076642818,0.004966119264684893,1.8852562456757544,0.00496715656004108,1.8852447211162147,0.004967160932731157,0.00011079064275310024,3.4961463869653048e-06,0.00021005672596641212,6.978354362010739e-06,1.1524559539344281e-05,8.756780874071051e-06,3.408053231910484e-05
tuned-M0p35-Theta:v_x,tuned-M0p35-Theta,0,0.5769034295755547,0.000367409597848266,0.5771860249251399,0.000367526188323453,0.5777506753889423,0.00036776054473310933,0.5766208342259695,0.00036729370724266464,0.5766213744613375,0.00036729464365329136,-0.0002825953495851907,5.202410871049552e-07,-0.0005646504638023853,1.0429073926156737e-06,-5.402353679961891e-07,1.2588231013669846e-06,3.782748800420019e-06
tuned-M0p35-Theta:v_x,tuned-M0p35-Theta,1,0.5766454682057295,0.0004492012515029648,0.5769276921793064,0.00044934536393388214,0.5774920646854129,0.00044963484914244947,0.5763632442321526,0.00044905799718702734,0.5763633196731999,0.00044905932221282735,-0.00028222397357691165,6.372687178531221e-07,-0.0005643725061065252,1.2767638488064249e-06,-7.544104740908608e-08,1.5418970993660897e-06,4.047104778937911e-06
tuned-M0p35-Theta:v_x,tuned-M0p35-Theta,2,0.5769362347557433,0.0005097455668719087,0.5772187655316792,0.000509910772420989,0.5777841944480447,0.0005102426610107454,0.5766537039798074,0.0005095813394786866,0.5766533366153136,0.0005095828046069301,-0.00028253077593587417,7.250809385390001e-07,-0.0005654289163655735,1.4519305169371327e-06,3.673644938251286e-07,1.7521715879949542e-06,4.8806594149426605e-06
tuned-M0p55-V:spatial,tuned-M0p55-V,0,5.099195767788092,0.009016022426016235,5.098681582632626,0.00901505063091659,5.097651977205053,0.00901311554514251,5.099709952943558,0.00901701431112526,5.099711188060199,0.00901706590435378,0.0005141851554659738,1.3494298276852981e-05,0.0010296054275729105,2.6959205940165563e-05,-1.2351166391866286e-06,3.577364574404973e-05,9.338192163973798e-05
tuned-M0p55-V:spatial,tuned-M0p55-V,1,5.099234949309269,0.01161568671720105,5.098735883463623,0.011614479890177994,5.0977163592009935,0.011612064466523339,5.099734015154914,0.011616919821226803,5.099755407726252,0.01161700016758644,0.0004990658456458519,1.751324983152606e-05,0.00101952426262919,3.498449441853715e-05,-2.139257133659811e-05,4.6277496967346626e-05,0.00014059550411772194
tuned-M0p55-V:spatial,tuned-M0p55-V,2,5.100742644556539,0.013463154379344741,5.100241469837112,0.013461819556233504,5.09920323787879,0.013459155783168912,5.101243819275966,0.013464520063568675,5.101279701795434,0.013464606581050805,0.0005011747194272331,2.0428199814469466e-05,0.0010382319583222,4.082431202142278e-05,-3.588251946773369e-05,5.3769177891432047e-05,0.0001743827435055887
tuned-M0p55-V:v_x,tuned-M0p55-V,0,-3.545485388756055e-05,0.0005531218884522479,-3.473965902657256e-05,0.0005533520238410409,-3.438931050515503e-05,0.0005538133909227009,-3.617004874854854e-05,0.000552893019644956,-3.509000754799009e-05,0.0005528957605372341,-7.15194860987991e-07,8.67897209186816e-07,-3.5034852141753133e-07,1.7420400964003507e-06,-1.0800412005584643e-06,2.0892344266928424e-06,6.4615524587149104e-06
tuned-M0p55-V:v_x,tuned-M0p55-V,1,0.00041593458596298627,0.0006730134944538989,0.0004183671938541423,0.0006732962931226767,0.00042036798143368226,0.0006738606792466586,0.0004135019780718302,0.000672732258613117,0.0004163664062746024,0.0006727381790979654,-2.4326078911560524e-06,1.0636440538544598e-06,-2.0007875795399364e-06,2.1302564798091574e-06,-2.86442820277206e-06,2.5541808099062856e-06,9.443561979366033e-06
tuned-M0p55-V:v_x,tuned-M0p55-V,2,0.00017628097030801895,0.0007609743063461715,0.00017876934602400376,0.0007612949806845767,0.00018150021375186513,0.0007619358503278848,0.00017379259459203414,0.0007606554194971218,0.00017603847829614238,0.0007606612816853484,-2.488375715984807e-06,1.2093361398874937e-06,-2.7308677278613757e-06,2.421800880960646e-06,-2.245883704108211e-06,2.9030662950033445e-06,9.723686936781002e-06
tuned-M0p55-Theta:spatial,tuned-M0p55-Theta,0,5.080529724940346,0.00910975548900952,5.079543794731609,0.00910799485003324,5.0776339052756,0.009104554700971703,5.081515655149084,0.009111546071019725,5.0814536841876174,0.009111554677797262,0.0009859302087376065,1.6611042548906263e-05,0.0019098894560087842,3.320070037765884e-05,6.19709614655406e-05,4.1569958586332884e-05,0.0001690480789374983
tuned-M0p55-Theta:spatial,tuned-M0p55-Theta,1,5.0754711925776235,0.011782637701073389,5.074476367259541,0.011780410339471898,5.072569458340225,0.011776078431632996,5.076466017895706,0.011784903843169235,5.0763832761788565,0.01178489690078383,0.0009948253180827038,2.1493831319921365e-05,0.001906908919315775,4.291070614325496e-05,8.274171684785614e-05,5.374728975769986e-05,0.00022118556078944485
tuned-M0p55-Theta:spatial,tuned-M0p55-Theta,2,5.08228295367529,0.013691084650021376,5.081284616827252,0.01368861135779114,5.079390095777805,0.013683717969677415,5.083281290523328,0.013693603218131425,5.083179137876698,0.01369368531778114,0.0009983368480384058,2.502211188150813e-05,0.0018945210494463183,4.996622254464981e-05,0.00010215264663138157,6.253699720114147e-05,0.0002632372765749792
tuned-M0p55-Theta:v_x,tuned-M0p55-Theta,0,1.2394425757160812,0.0005521984230549366,1.240651166805425,0.0005522606344039156,1.2430715760511413,0.0005523847891554705,1.2382339846267374,0.0005521378263669401,1.2382307575597087,0.0005521429599326795,-0.0012085910893437912,9.462475118091288e-07,-0.002420409245716293,1.8956356616417179e-06,3.227067028710451e-06,2.2861549364397446e-06,9.115811906333126e-06
tuned-M0p55-Theta:v_x,tuned-M0p55-Theta,1,1.2395650000862393,0.000673074171929217,1.2407746591251962,0.0006731539152898037,1.243196311953704,0.0006733109878996741,1.2383553410472823,0.0006729964106187292,1.2383530062966885,0.0006730048053847623,-0.0012096590389569783,1.1577001517613862e-06,-0.0024216528285077032,2.3202540197676658e-06,2.3347505937465485e-06,2.7942029337373716e-06,9.532140390392938e-06
tuned-M0p55-Theta:v_x,tuned-M0p55-Theta,2,1.239206793282304,0.0007624193050382744,1.24041608877789,0.0007625149211559741,1.2428369796539747,0.000762700964740317,1.2379974977867183,0.0007623259441933828,1.2379951979018051,0.0007623379527315299,-0.0012092954955857937,1.3146835633300014e-06,-0.002420890876084769,2.636837092768563e-06,2.2998849129596266e-06,3.172317555863378e-06,1.0471233433360014e-05
